"No.","Time","Source","Destination","Protocol","Length","Info"
"1020","9.868015","10.203.72.7","182.61.200.7","TCP","66","57266  >  443 [SYN] Seq=0 Win=17520 Len=0 MSS=1460 WS=256 SACK_PERM=1"
"1021","9.868691","10.203.72.7","182.61.200.7","TCP","66","57267  >  443 [SYN] Seq=0 Win=17520 Len=0 MSS=1460 WS=256 SACK_PERM=1"
"1025","9.993741","182.61.200.7","10.203.72.7","TCP","66","443  >  57267 [SYN, ACK] Seq=0 Ack=1 Win=8192 Len=0 MSS=1452 WS=32 SACK_PERM=1"
"1026","9.993827","10.203.72.7","182.61.200.7","TCP","54","57267  >  443 [ACK] Seq=1 Ack=1 Win=17408 Len=0"
"1027","9.993884","10.203.72.7","182.61.200.7","TCP","66","57268  >  443 [SYN] Seq=0 Win=17520 Len=0 MSS=1460 WS=256 SACK_PERM=1"
"1028","9.994236","10.203.72.7","182.61.200.7","TLSv1.2","571","Client Hello"
"1029","9.995992","182.61.200.7","10.203.72.7","TCP","66","443  >  57266 [SYN, ACK] Seq=0 Ack=1 Win=8192 Len=0 MSS=1452 WS=32 SACK_PERM=1"
"1030","9.996116","10.203.72.7","182.61.200.7","TCP","54","57266  >  443 [ACK] Seq=1 Ack=1 Win=17408 Len=0"
"1031","9.997337","10.203.72.7","182.61.200.7","TLSv1.2","571","Client Hello"
"1032","10.031992","182.61.200.7","10.203.72.7","TCP","66","443  >  57268 [SYN, ACK] Seq=0 Ack=1 Win=8192 Len=0 MSS=1452 WS=32 SACK_PERM=1"
"1033","10.032452","10.203.72.7","182.61.200.7","TCP","54","57268  >  443 [ACK] Seq=1 Ack=1 Win=17408 Len=0"
"1034","10.032976","10.203.72.7","182.61.200.7","TLSv1.2","571","Client Hello"
"1035","10.034128","182.61.200.7","10.203.72.7","TCP","60","443  >  57267 [ACK] Seq=1 Ack=518 Win=30336 Len=0"
"1036","10.036574","182.61.200.7","10.203.72.7","TLSv1.2","122","Server Hello"
"1037","10.036991","182.61.200.7","10.203.72.7","TCP","1514","443  >  57267 [ACK] Seq=69 Ack=518 Win=30336 Len=1460 [TCP segment of a reassembled PDU]"
"1038","10.037024","10.203.72.7","182.61.200.7","TCP","54","57267  >  443 [ACK] Seq=518 Ack=1529 Win=17408 Len=0"
"1039","10.043531","182.61.200.7","10.203.72.7","TCP","1514","443  >  57267 [ACK] Seq=1529 Ack=518 Win=30336 Len=1460 [TCP segment of a reassembled PDU]"
"1040","10.043532","182.61.200.7","10.203.72.7","TLSv1.2","640","Certificate"
"1041","10.043533","182.61.200.7","10.203.72.7","TLSv1.2","392","Server Key Exchange"
"1042","10.043598","10.203.72.7","182.61.200.7","TCP","54","57267  >  443 [ACK] Seq=518 Ack=3913 Win=17408 Len=0"
"1043","10.045563","182.61.200.7","10.203.72.7","TLSv1.2","63","Server Hello Done"
"1044","10.045640","10.203.72.7","182.61.200.7","TCP","54","57267  >  443 [ACK] Seq=518 Ack=3922 Win=17408 Len=0"
"1045","10.045758","182.61.200.7","10.203.72.7","TCP","60","443  >  57266 [ACK] Seq=1 Ack=518 Win=30336 Len=0"
"1046","10.048177","182.61.200.7","10.203.72.7","TLSv1.2","122","Server Hello"
"1047","10.048814","182.61.200.7","10.203.72.7","TCP","1514","443  >  57266 [ACK] Seq=69 Ack=518 Win=30336 Len=1460 [TCP segment of a reassembled PDU]"
"1048","10.048860","10.203.72.7","182.61.200.7","TCP","54","57266  >  443 [ACK] Seq=518 Ack=1529 Win=17408 Len=0"
"1049","10.053729","10.203.72.7","182.61.200.7","TLSv1.2","180","Client Key Exchange, Change Cipher Spec, Encrypted Handshake Message"
"1050","10.053863","182.61.200.7","10.203.72.7","TCP","1514","443  >  57266 [ACK] Seq=1529 Ack=518 Win=30336 Len=1460 [TCP segment of a reassembled PDU]"
"1051","10.054002","10.203.72.7","182.61.200.7","TLSv1.2","643","Application Data"
"1052","10.055144","182.61.200.7","10.203.72.7","TLSv1.2","640","Certificate"
"1053","10.055190","10.203.72.7","182.61.200.7","TCP","54","57266  >  443 [ACK] Seq=518 Ack=3575 Win=17408 Len=0"
"1054","10.060857","182.61.200.7","10.203.72.7","TLSv1.2","63","[TCP Previous segment not captured] , Server Hello Done"
"1055","10.060910","10.203.72.7","182.61.200.7","TCP","66","[TCP Dup ACK 1053#1] 57266  >  443 [ACK] Seq=518 Ack=3575 Win=17408 Len=0 SLE=3913 SRE=3922"
"1056","10.062033","182.61.200.7","10.203.72.7","TCP","392","[TCP Out-Of-Order] 443  >  57266 [PSH, ACK] Seq=3575 Ack=518 Win=30336 Len=338"
"1058","10.062163","10.203.72.7","182.61.200.7","TCP","54","57266  >  443 [ACK] Seq=518 Ack=3922 Win=17152 Len=0"
"1059","10.063025","10.203.72.7","182.61.200.7","TLSv1.2","180","Client Key Exchange, Change Cipher Spec, Encrypted Handshake Message"
"1060","10.063766","182.61.200.7","10.203.72.7","TLSv1.2","63","[TCP Spurious Retransmission] , Server Hello Done"
"1061","10.063919","10.203.72.7","182.61.200.7","TCP","66","[TCP Dup ACK 1044#1] 57267  >  443 [ACK] Seq=1233 Ack=3922 Win=17408 Len=0 SLE=3913 SRE=3922"
"1063","10.064762","182.61.200.7","10.203.72.7","TLSv1.2","63","[TCP Spurious Retransmission] , Server Hello Done"
"1064","10.064804","10.203.72.7","182.61.200.7","TCP","66","[TCP Dup ACK 1058#1] 57266  >  443 [ACK] Seq=644 Ack=3922 Win=17152 Len=0 SLE=3913 SRE=3922"
"1067","10.072097","182.61.200.7","10.203.72.7","TCP","60","443  >  57268 [ACK] Seq=1 Ack=518 Win=30336 Len=0"
"1068","10.074428","182.61.200.7","10.203.72.7","TLSv1.2","122","Server Hello"
"1069","10.076539","182.61.200.7","10.203.72.7","TCP","1514","443  >  57268 [ACK] Seq=69 Ack=518 Win=30336 Len=1460 [TCP segment of a reassembled PDU]"
"1070","10.076574","10.203.72.7","182.61.200.7","TCP","54","57268  >  443 [ACK] Seq=518 Ack=1529 Win=17408 Len=0"
"1071","10.078841","182.61.200.7","10.203.72.7","TCP","1514","443  >  57268 [ACK] Seq=1529 Ack=518 Win=30336 Len=1460 [TCP segment of a reassembled PDU]"
"1072","10.083156","182.61.200.7","10.203.72.7","TLSv1.2","640","Certificate"
"1076","10.083326","10.203.72.7","182.61.200.7","TCP","54","57268  >  443 [ACK] Seq=518 Ack=3575 Win=17408 Len=0"
"1079","10.085652","182.61.200.7","10.203.72.7","TLSv1.2","392","Server Key Exchange"
"1080","10.085653","182.61.200.7","10.203.72.7","TLSv1.2","63","Server Hello Done"
"1081","10.085693","10.203.72.7","182.61.200.7","TCP","54","57268  >  443 [ACK] Seq=518 Ack=3922 Win=17152 Len=0"
"1083","10.086320","10.203.72.7","182.61.200.7","TLSv1.2","180","Client Key Exchange, Change Cipher Spec, Encrypted Handshake Message"
"1084","10.088436","182.61.200.7","10.203.72.7","TLSv1.2","63","[TCP Spurious Retransmission] , Server Hello Done"
"1085","10.088454","10.203.72.7","182.61.200.7","TCP","66","[TCP Dup ACK 1081#1] 57268  >  443 [ACK] Seq=644 Ack=3922 Win=17152 Len=0 SLE=3913 SRE=3922"
"1089","10.098176","182.61.200.7","10.203.72.7","TCP","60","443  >  57267 [ACK] Seq=3922 Ack=644 Win=30336 Len=0"
"1090","10.099149","182.61.200.7","10.203.72.7","TLSv1.2","229","New Session Ticket"
"1091","10.099151","182.61.200.7","10.203.72.7","TLSv1.2","60","Change Cipher Spec"
"1092","10.099296","10.203.72.7","182.61.200.7","TCP","54","57267  >  443 [ACK] Seq=1233 Ack=4103 Win=17152 Len=0"
"1093","10.099591","182.61.200.7","10.203.72.7","TLSv1.2","99","Encrypted Handshake Message"
"1095","10.100459","182.61.200.7","10.203.72.7","TCP","60","443  >  57267 [ACK] Seq=4148 Ack=1233 Win=31488 Len=0"
"1096","10.107723","182.61.200.7","10.203.72.7","TCP","1514","443  >  57267 [ACK] Seq=4148 Ack=1233 Win=31488 Len=1460 [TCP segment of a reassembled PDU]"
"1097","10.107725","182.61.200.7","10.203.72.7","TCP","1514","443  >  57267 [ACK] Seq=5608 Ack=1233 Win=31488 Len=1460 [TCP segment of a reassembled PDU]"
"1098","10.107819","10.203.72.7","182.61.200.7","TCP","54","57267  >  443 [ACK] Seq=1233 Ack=7068 Win=17408 Len=0"
"1099","10.110809","182.61.200.7","10.203.72.7","TLSv1.2","1163","Application Data"
"1100","10.110876","10.203.72.7","182.61.200.7","TCP","54","57267  >  443 [ACK] Seq=1233 Ack=8177 Win=16384 Len=0"
"1101","10.116170","182.61.200.7","10.203.72.7","TLSv1.2","209","Application Data, Application Data"
"1102","10.116170","182.61.200.7","10.203.72.7","TCP","1514","443  >  57267 [ACK] Seq=8332 Ack=1233 Win=31488 Len=1460 [TCP segment of a reassembled PDU]"
"1103","10.116249","10.203.72.7","182.61.200.7","TCP","54","57267  >  443 [ACK] Seq=1233 Ack=9792 Win=17408 Len=0"
"1104","10.116977","182.61.200.7","10.203.72.7","TCP","1514","443  >  57267 [ACK] Seq=9792 Ack=1233 Win=31488 Len=1460 [TCP segment of a reassembled PDU]"
"1105","10.121279","182.61.200.7","10.203.72.7","TLSv1.2","1163","Application Data"
"1106","10.121282","182.61.200.7","10.203.72.7","TLSv1.2","1514","Application Data"
"1107","10.121416","10.203.72.7","182.61.200.7","TCP","54","57267  >  443 [ACK] Seq=1233 Ack=13821 Win=17408 Len=0"
"1108","10.121606","182.61.200.7","10.203.72.7","TCP","1514","443  >  57267 [ACK] Seq=13821 Ack=1233 Win=31488 Len=1460 [TCP segment of a reassembled PDU]"
"1109","10.121655","10.203.72.7","182.61.200.7","TCP","54","57267  >  443 [ACK] Seq=1233 Ack=15281 Win=17408 Len=0"
"1110","10.122725","182.61.200.7","10.203.72.7","TLSv1.2","1288","Application Data"
"1111","10.125815","182.61.200.7","10.203.72.7","TCP","1514","443  >  57267 [ACK] Seq=16515 Ack=1233 Win=31488 Len=1460 [TCP segment of a reassembled PDU]"
"1112","10.125866","10.203.72.7","182.61.200.7","TCP","54","57267  >  443 [ACK] Seq=1233 Ack=17975 Win=17408 Len=0"
"1113","10.130950","182.61.200.7","10.203.72.7","TCP","1514","443  >  57267 [ACK] Seq=17975 Ack=1233 Win=31488 Len=1460 [TCP segment of a reassembled PDU]"
"1114","10.132134","182.61.200.7","10.203.72.7","TLSv1.2","1514","Application Data [TCP segment of a reassembled PDU]"
"1115","10.132266","10.203.72.7","182.61.200.7","TCP","54","57267  >  443 [ACK] Seq=1233 Ack=20895 Win=17408 Len=0"
"1116","10.132471","182.61.200.7","10.203.72.7","TCP","489","443  >  57267 [ACK] Seq=20895 Ack=1233 Win=31488 Len=435 [TCP segment of a reassembled PDU]"
"1119","10.133303","182.61.200.7","10.203.72.7","TCP","60","443  >  57266 [ACK] Seq=3922 Ack=644 Win=30336 Len=0"
"1120","10.135595","182.61.200.7","10.203.72.7","TLSv1.2","229","New Session Ticket"
"1122","10.140197","182.61.200.7","10.203.72.7","TLSv1.2","60","Change Cipher Spec"
"1123","10.140266","10.203.72.7","182.61.200.7","TCP","54","57266  >  443 [ACK] Seq=644 Ack=4103 Win=16896 Len=0"
"1124","10.140387","182.61.200.7","10.203.72.7","TLSv1.2","99","Encrypted Handshake Message"
"1129","10.141179","182.61.200.7","10.203.72.7","TCP","60","443  >  57268 [ACK] Seq=3922 Ack=644 Win=30336 Len=0"
"1130","10.141774","182.61.200.7","10.203.72.7","TLSv1.2","229","New Session Ticket"
"1131","10.141775","182.61.200.7","10.203.72.7","TLSv1.2","60","Change Cipher Spec"
"1132","10.141823","10.203.72.7","182.61.200.7","TCP","54","57268  >  443 [ACK] Seq=644 Ack=4103 Win=16896 Len=0"
"1133","10.143950","182.61.200.7","10.203.72.7","TLSv1.2","99","Encrypted Handshake Message"
"1136","10.151109","182.61.200.7","10.203.72.7","TLSv1.2","1514","Application Data, Application Data"
"1137","10.151110","182.61.200.7","10.203.72.7","TCP","1514","443  >  57267 [ACK] Seq=22790 Ack=1233 Win=31488 Len=1460 [TCP segment of a reassembled PDU]"
"1138","10.151231","10.203.72.7","182.61.200.7","TCP","54","57267  >  443 [ACK] Seq=1233 Ack=24250 Win=17408 Len=0"
"1139","10.159164","182.61.200.7","10.203.72.7","TLSv1.2","1514","Application Data, Application Data, Application Data"
"1140","10.159166","182.61.200.7","10.203.72.7","TCP","1514","443  >  57267 [ACK] Seq=25710 Ack=1233 Win=31488 Len=1460 [TCP segment of a reassembled PDU]"
"1141","10.159272","10.203.72.7","182.61.200.7","TCP","54","57267  >  443 [ACK] Seq=1233 Ack=27170 Win=17408 Len=0"
"1145","10.167511","182.61.200.7","10.203.72.7","TCP","1514","443  >  57267 [ACK] Seq=27170 Ack=1233 Win=31488 Len=1460 [TCP segment of a reassembled PDU]"
"1146","10.167513","182.61.200.7","10.203.72.7","TLSv1.2","1514","Application Data, Application Data"
"1147","10.167517","182.61.200.7","10.203.72.7","TCP","1514","443  >  57267 [ACK] Seq=30090 Ack=1233 Win=31488 Len=1460 [TCP segment of a reassembled PDU]"
"1148","10.167689","10.203.72.7","182.61.200.7","TCP","54","57267  >  443 [ACK] Seq=1233 Ack=31550 Win=17408 Len=0"
"1149","10.174673","182.61.200.7","10.203.72.7","TCP","1514","443  >  57267 [ACK] Seq=31550 Ack=1233 Win=31488 Len=1460 [TCP segment of a reassembled PDU]"
"1150","10.174674","182.61.200.7","10.203.72.7","TLSv1.2","1514","Application Data [TCP segment of a reassembled PDU]"
"1151","10.174676","182.61.200.7","10.203.72.7","TCP","1514","443  >  57267 [ACK] Seq=34470 Ack=1233 Win=31488 Len=1460 [TCP segment of a reassembled PDU]"
"1152","10.174874","10.203.72.7","182.61.200.7","TCP","54","57267  >  443 [ACK] Seq=1233 Ack=35930 Win=17408 Len=0"
"1153","10.179754","10.203.72.7","182.61.200.7","TCP","54","57266  >  443 [ACK] Seq=644 Ack=4148 Win=16896 Len=0"
"1154","10.191547","10.203.72.7","182.61.200.7","TCP","54","57268  >  443 [ACK] Seq=644 Ack=4148 Win=16896 Len=0"
"1167","10.237529","182.61.200.7","10.203.72.7","TCP","1514","443  >  57267 [ACK] Seq=35930 Ack=1233 Win=31488 Len=1460 [TCP segment of a reassembled PDU]"
"1168","10.237580","182.61.200.7","10.203.72.7","TLSv1.2","1514","Application Data [TCP segment of a reassembled PDU]"
"1169","10.237610","10.203.72.7","182.61.200.7","TCP","54","57267  >  443 [ACK] Seq=1233 Ack=38850 Win=17408 Len=0"
"1170","10.239349","182.61.200.7","10.203.72.7","TCP","1514","443  >  57267 [ACK] Seq=38850 Ack=1233 Win=31488 Len=1460 [TCP segment of a reassembled PDU]"
"1171","10.239352","182.61.200.7","10.203.72.7","TCP","1514","443  >  57267 [ACK] Seq=40310 Ack=1233 Win=31488 Len=1460 [TCP segment of a reassembled PDU]"
"1172","10.239390","10.203.72.7","182.61.200.7","TCP","54","57267  >  443 [ACK] Seq=1233 Ack=41770 Win=17408 Len=0"
"1173","10.240379","182.61.200.7","10.203.72.7","TLSv1.2","1514","Application Data [TCP segment of a reassembled PDU]"
"1176","10.241880","182.61.200.7","10.203.72.7","TCP","1514","443  >  57267 [ACK] Seq=43230 Ack=1233 Win=31488 Len=1460 [TCP segment of a reassembled PDU]"
"1177","10.241880","182.61.200.7","10.203.72.7","TLSv1.2","443","Application Data, Application Data, Application Data"
"1178","10.241928","10.203.72.7","182.61.200.7","TCP","54","57267  >  443 [ACK] Seq=1233 Ack=45079 Win=17408 Len=0"
"1196","10.415795","10.203.72.7","182.61.200.7","TLSv1.2","973","Application Data"
"1197","10.442431","10.203.72.7","182.61.200.7","TLSv1.2","613","Application Data"
"1203","10.472587","182.61.200.7","10.203.72.7","TCP","60","443  >  57267 [ACK] Seq=45079 Ack=2152 Win=34432 Len=0"
"1204","10.476866","182.61.200.7","10.203.72.7","TLSv1.2","407","Application Data"
"1205","10.486550","182.61.200.7","10.203.72.7","TCP","60","443  >  57266 [ACK] Seq=4148 Ack=1203 Win=31488 Len=0"
"1206","10.489611","182.61.200.7","10.203.72.7","TLSv1.2","737","Application Data"
"1208","10.525554","10.203.72.7","182.61.200.7","TCP","54","57267  >  443 [ACK] Seq=2152 Ack=45432 Win=17152 Len=0"
"1209","10.541170","10.203.72.7","182.61.200.7","TCP","54","57266  >  443 [ACK] Seq=1203 Ack=4831 Win=16128 Len=0"
"2411","20.197940","10.203.72.7","182.61.200.7","TCP","54","57268  >  443 [FIN, ACK] Seq=644 Ack=4148 Win=16896 Len=0"
"2412","20.198032","10.203.72.7","182.61.200.7","TCP","54","57268  >  443 [RST, ACK] Seq=645 Ack=4148 Win=0 Len=0"
"2413","20.199103","10.203.72.7","182.61.200.7","TLSv1.2","796","Application Data"
"2414","20.249668","182.61.200.7","10.203.72.7","TCP","60","443  >  57266 [ACK] Seq=4831 Ack=1945 Win=34432 Len=0"
"2415","20.253430","182.61.200.7","10.203.72.7","TCP","1514","443  >  57266 [ACK] Seq=4831 Ack=1945 Win=34432 Len=1460 [TCP segment of a reassembled PDU]"
"2416","20.256268","182.61.200.7","10.203.72.7","TCP","1514","443  >  57266 [ACK] Seq=6291 Ack=1945 Win=34432 Len=1460 [TCP segment of a reassembled PDU]"
"2417","20.256327","10.203.72.7","182.61.200.7","TCP","54","57266  >  443 [ACK] Seq=1945 Ack=7751 Win=17408 Len=0"
"2418","20.275328","182.61.200.7","10.203.72.7","TLSv1.2","1163","Application Data"
"2419","20.275663","182.61.200.7","10.203.72.7","TLSv1.2","878","Application Data, Application Data"
"2420","20.275863","10.203.72.7","182.61.200.7","TCP","54","57266  >  443 [ACK] Seq=1945 Ack=9684 Win=17408 Len=0"
"2421","20.277079","182.61.200.7","10.203.72.7","TCP","1514","443  >  57266 [ACK] Seq=9684 Ack=1945 Win=34432 Len=1460 [TCP segment of a reassembled PDU]"
"2422","20.280912","182.61.200.7","10.203.72.7","TCP","1514","443  >  57266 [ACK] Seq=11144 Ack=1945 Win=34432 Len=1460 [TCP segment of a reassembled PDU]"
"2423","20.280987","10.203.72.7","182.61.200.7","TCP","54","57266  >  443 [ACK] Seq=1945 Ack=12604 Win=17408 Len=0"
"2424","20.283319","182.61.200.7","10.203.72.7","TLSv1.2","1288","Application Data, Application Data"
"2425","20.283320","182.61.200.7","10.203.72.7","TCP","1514","443  >  57266 [ACK] Seq=13838 Ack=1945 Win=34432 Len=1460 [TCP segment of a reassembled PDU]"
"2426","20.283402","10.203.72.7","182.61.200.7","TCP","54","57266  >  443 [ACK] Seq=1945 Ack=15298 Win=17408 Len=0"
"2427","20.285610","182.61.200.7","10.203.72.7","TCP","1514","443  >  57266 [ACK] Seq=15298 Ack=1945 Win=34432 Len=1460 [TCP segment of a reassembled PDU]"
"2428","20.285612","182.61.200.7","10.203.72.7","TLSv1.2","1514","Application Data [TCP segment of a reassembled PDU]"
"2429","20.285702","10.203.72.7","182.61.200.7","TCP","54","57266  >  443 [ACK] Seq=1945 Ack=18218 Win=17408 Len=0"
"2430","20.285835","182.61.200.7","10.203.72.7","TCP","1514","443  >  57266 [ACK] Seq=18218 Ack=1945 Win=34432 Len=1460 [TCP segment of a reassembled PDU]"
"2431","20.294281","10.203.72.7","182.61.200.7","TLSv1.2","747","Application Data"
"2433","20.295829","10.203.72.7","182.61.200.7","TCP","66","57274  >  443 [SYN] Seq=0 Win=17520 Len=0 MSS=1460 WS=256 SACK_PERM=1"
"2435","20.301631","10.203.72.7","182.61.200.7","TCP","66","57275  >  443 [SYN] Seq=0 Win=17520 Len=0 MSS=1460 WS=256 SACK_PERM=1"
"2436","20.301859","10.203.72.7","182.61.200.7","TCP","66","57276  >  443 [SYN] Seq=0 Win=17520 Len=0 MSS=1460 WS=256 SACK_PERM=1"
"2437","20.306764","182.61.200.7","10.203.72.7","TCP","1514","443  >  57266 [ACK] Seq=19678 Ack=1945 Win=34432 Len=1460 [TCP segment of a reassembled PDU]"
"2438","20.306843","10.203.72.7","182.61.200.7","TCP","54","57266  >  443 [ACK] Seq=1945 Ack=21138 Win=17408 Len=0"
"2439","20.308399","182.61.200.7","10.203.72.7","TLSv1.2","1514","Application Data, Application Data, Application Data"
"2441","20.312621","10.203.72.7","59.78.173.32","TCP","66","57277  >  443 [SYN] Seq=0 Win=17520 Len=0 MSS=1460 WS=256 SACK_PERM=1"
"2442","20.328645","59.78.173.32","10.203.72.7","TCP","66","443  >  57277 [SYN, ACK] Seq=0 Ack=1 Win=65535 Len=0 MSS=1340 SACK_PERM=1 WS=64"
"2443","20.328724","10.203.72.7","59.78.173.32","TCP","54","57277  >  443 [ACK] Seq=1 Ack=1 Win=17408 Len=0"
"2444","20.329053","10.203.72.7","59.78.173.32","TLSv1.2","571","Client Hello"
"2445","20.332068","182.61.200.7","10.203.72.7","TCP","1514","443  >  57266 [ACK] Seq=22598 Ack=1945 Win=34432 Len=1460 [TCP segment of a reassembled PDU]"
"2446","20.332097","10.203.72.7","182.61.200.7","TCP","54","57266  >  443 [ACK] Seq=1945 Ack=24058 Win=17408 Len=0"
"2447","20.334240","182.61.200.7","10.203.72.7","TCP","1514","443  >  57266 [ACK] Seq=24058 Ack=1945 Win=34432 Len=1460 [TCP segment of a reassembled PDU]"
"2448","20.337470","182.61.200.7","10.203.72.7","TLSv1.2","1514","Application Data, Application Data, Application Data"
"2449","20.337496","10.203.72.7","182.61.200.7","TCP","54","57266  >  443 [ACK] Seq=1945 Ack=26978 Win=17408 Len=0"
"2450","20.337986","182.61.200.7","10.203.72.7","TCP","1514","443  >  57266 [ACK] Seq=26978 Ack=1945 Win=34432 Len=1460 [TCP segment of a reassembled PDU]"
"2451","20.339662","182.61.200.7","10.203.72.7","TCP","1514","443  >  57266 [ACK] Seq=28438 Ack=1945 Win=34432 Len=1460 [TCP segment of a reassembled PDU]"
"2452","20.339700","10.203.72.7","182.61.200.7","TCP","54","57266  >  443 [ACK] Seq=1945 Ack=29898 Win=17408 Len=0"
"2453","20.346142","182.61.200.7","10.203.72.7","TLSv1.2","1514","Application Data, Application Data"
"2454","20.346146","182.61.200.7","10.203.72.7","TCP","1514","443  >  57266 [ACK] Seq=31358 Ack=1945 Win=34432 Len=1460 [TCP segment of a reassembled PDU]"
"2455","20.346146","182.61.200.7","10.203.72.7","TCP","60","443  >  57267 [ACK] Seq=45432 Ack=2845 Win=36224 Len=0"
"2456","20.346269","10.203.72.7","182.61.200.7","TCP","54","57266  >  443 [ACK] Seq=1945 Ack=32818 Win=17408 Len=0"
"2457","20.349217","182.61.200.7","10.203.72.7","TCP","1514","443  >  57266 [ACK] Seq=32818 Ack=1945 Win=34432 Len=1460 [TCP segment of a reassembled PDU]"
"2458","20.349219","182.61.200.7","10.203.72.7","TCP","1514","443  >  57267 [ACK] Seq=45432 Ack=2845 Win=36224 Len=1460 [TCP segment of a reassembled PDU]"
"2459","20.350756","182.61.200.7","10.203.72.7","TCP","1514","443  >  57267 [ACK] Seq=46892 Ack=2845 Win=36224 Len=1460 [TCP segment of a reassembled PDU]"
"2460","20.350761","182.61.200.7","10.203.72.7","TLSv1.2","1163","Application Data"
"2461","20.350985","10.203.72.7","182.61.200.7","TCP","54","57267  >  443 [ACK] Seq=2845 Ack=49461 Win=17408 Len=0"
"2462","20.352012","182.61.200.7","10.203.72.7","TLSv1.2","1514","Application Data"
"2463","20.352092","10.203.72.7","182.61.200.7","TCP","54","57267  >  443 [ACK] Seq=2845 Ack=50921 Win=17408 Len=0"
"2464","20.356247","182.61.200.7","10.203.72.7","TCP","1514","443  >  57267 [ACK] Seq=50921 Ack=2845 Win=36224 Len=1460 [TCP segment of a reassembled PDU]"
"2465","20.356248","182.61.200.7","10.203.72.7","TLSv1.2","1288","Application Data"
"2466","20.356250","182.61.200.7","10.203.72.7","TLSv1.2","177","Application Data"
"2467","20.356250","182.61.200.7","10.203.72.7","TCP","66","443  >  57274 [SYN, ACK] Seq=0 Ack=1 Win=8192 Len=0 MSS=1452 WS=32 SACK_PERM=1"
"2468","20.356414","10.203.72.7","182.61.200.7","TCP","54","57267  >  443 [ACK] Seq=2845 Ack=53738 Win=17408 Len=0"
"2469","20.356520","10.203.72.7","182.61.200.7","TCP","54","57274  >  443 [ACK] Seq=1 Ack=1 Win=17408 Len=0"
"2471","20.356887","10.203.72.7","182.61.200.7","TLSv1.2","571","Client Hello"
"2473","20.358367","10.203.72.7","182.61.200.7","TLSv1.2","756","Application Data"
"2481","20.369383","182.61.200.7","10.203.72.7","TCP","66","443  >  57276 [SYN, ACK] Seq=0 Ack=1 Win=8192 Len=0 MSS=1452 WS=32 SACK_PERM=1"
"2482","20.369462","10.203.72.7","182.61.200.7","TCP","54","57276  >  443 [ACK] Seq=1 Ack=1 Win=17408 Len=0"
"2483","20.369802","10.203.72.7","182.61.200.7","TLSv1.2","571","Client Hello"
"2484","20.370390","182.61.200.7","10.203.72.7","TCP","66","443  >  57275 [SYN, ACK] Seq=0 Ack=1 Win=8192 Len=0 MSS=1452 WS=32 SACK_PERM=1"
"2485","20.370438","10.203.72.7","182.61.200.7","TCP","54","57275  >  443 [ACK] Seq=1 Ack=1 Win=17408 Len=0"
"2486","20.370634","59.78.173.32","10.203.72.7","TCP","60","443  >  57277 [ACK] Seq=1 Ack=518 Win=71168 Len=0"
"2487","20.370651","10.203.72.7","182.61.200.7","TLSv1.2","571","Client Hello"
"2488","20.371958","59.78.173.32","10.203.72.7","TLSv1.2","1394","Server Hello"
"2489","20.374359","59.78.173.32","10.203.72.7","TCP","1394","443  >  57277 [ACK] Seq=1341 Ack=518 Win=71168 Len=1340 [TCP segment of a reassembled PDU]"
"2490","20.374734","10.203.72.7","59.78.173.32","TCP","54","57277  >  443 [ACK] Seq=518 Ack=2681 Win=17408 Len=0"
"2491","20.377493","59.78.173.32","10.203.72.7","TLSv1.2","1273","Certificate, Server Key Exchange, Server Hello Done"
"2492","20.379774","10.203.72.7","59.78.173.32","TLSv1.2","139","Client Key Exchange, Change Cipher Spec, Encrypted Handshake Message"
"2493","20.379969","10.203.72.7","59.78.173.32","TLSv1.2","139","Application Data"
"2494","20.380228","10.203.72.7","59.78.173.32","TLSv1.2","350","Application Data"
"2495","20.380296","10.203.72.7","59.78.173.32","TLSv1.2","202","Application Data"
"2496","20.380352","10.203.72.7","59.78.173.32","TLSv1.2","167","Application Data"
"2497","20.382845","182.61.200.7","10.203.72.7","TLSv1.2","1514","Application Data [TCP segment of a reassembled PDU]"
"2498","20.382899","10.203.72.7","182.61.200.7","TCP","54","57266  >  443 [ACK] Seq=1945 Ack=35738 Win=17408 Len=0"
"2499","20.385442","182.61.200.7","10.203.72.7","TCP","1514","443  >  57266 [ACK] Seq=35738 Ack=1945 Win=34432 Len=1460 [TCP segment of a reassembled PDU]"
"2500","20.388662","182.61.200.7","10.203.72.7","TLSv1.2","1514","Application Data [TCP segment of a reassembled PDU]"
"2501","20.388731","10.203.72.7","182.61.200.7","TCP","54","57266  >  443 [ACK] Seq=1945 Ack=38658 Win=17408 Len=0"
"2502","20.393574","182.61.200.7","10.203.72.7","TCP","1514","443  >  57266 [ACK] Seq=38658 Ack=1945 Win=34432 Len=1460 [TCP segment of a reassembled PDU]"
"2503","20.395863","182.61.200.7","10.203.72.7","TCP","1514","443  >  57266 [ACK] Seq=40118 Ack=1945 Win=34432 Len=1460 [TCP segment of a reassembled PDU]"
"2504","20.395865","182.61.200.7","10.203.72.7","TLSv1.2","1514","Application Data [TCP segment of a reassembled PDU]"
"2505","20.395937","10.203.72.7","182.61.200.7","TCP","54","57266  >  443 [ACK] Seq=1945 Ack=43038 Win=17408 Len=0"
"2506","20.397581","182.61.200.7","10.203.72.7","TCP","1514","443  >  57266 [ACK] Seq=43038 Ack=1945 Win=34432 Len=1460 [TCP segment of a reassembled PDU]"
"2507","20.397582","182.61.200.7","10.203.72.7","TLSv1.2","1224","Application Data, Application Data, Application Data"
"2508","20.397625","10.203.72.7","182.61.200.7","TCP","54","57266  >  443 [ACK] Seq=1945 Ack=45668 Win=17408 Len=0"
"2509","20.398526","10.203.72.7","182.61.200.7","TLSv1.2","753","Application Data"
"2510","20.404077","59.78.173.32","10.203.72.7","TCP","60","443  >  57277 [ACK] Seq=3900 Ack=603 Win=71168 Len=0"
"2511","20.405267","59.78.173.32","10.203.72.7","TLSv1.2","304","New Session Ticket, Change Cipher Spec, Encrypted Handshake Message"
"2512","20.405268","59.78.173.32","10.203.72.7","TLSv1.2","115","Application Data"
"2513","20.405329","10.203.72.7","59.78.173.32","TCP","54","57277  >  443 [ACK] Seq=1245 Ack=4211 Win=17408 Len=0"
"2514","20.405520","10.203.72.7","59.78.173.32","TLSv1.2","84","Application Data"
"2515","20.407221","182.61.200.7","10.203.72.7","TCP","60","443  >  57274 [ACK] Seq=1 Ack=518 Win=30336 Len=0"
"2516","20.407571","182.61.200.7","10.203.72.7","TCP","60","443  >  57267 [ACK] Seq=53738 Ack=3547 Win=38144 Len=0"
"2517","20.408908","182.61.200.7","10.203.72.7","TLSv1.2","150","Server Hello"
"2518","20.409488","182.61.200.7","10.203.72.7","TLSv1.2","60","Change Cipher Spec"
"2519","20.409526","10.203.72.7","182.61.200.7","TCP","54","57274  >  443 [ACK] Seq=518 Ack=103 Win=17408 Len=0"
"2520","20.409943","182.61.200.7","10.203.72.7","TLSv1.2","99","Encrypted Handshake Message"
"2521","20.410131","10.203.72.7","182.61.200.7","TLSv1.2","105","Change Cipher Spec, Encrypted Handshake Message"
"2522","20.410353","10.203.72.7","182.61.200.7","TLSv1.2","757","Application Data"
"2523","20.411357","182.61.200.7","10.203.72.7","TCP","1514","443  >  57267 [ACK] Seq=53738 Ack=3547 Win=38144 Len=1460 [TCP segment of a reassembled PDU]"
"2524","20.415063","182.61.200.7","10.203.72.7","TCP","1514","443  >  57267 [ACK] Seq=55198 Ack=3547 Win=38144 Len=1460 [TCP segment of a reassembled PDU]"
"2525","20.415064","182.61.200.7","10.203.72.7","TLSv1.2","1163","Application Data"
"2526","20.415117","10.203.72.7","182.61.200.7","TCP","54","57267  >  443 [ACK] Seq=3547 Ack=57767 Win=17408 Len=0"
"2527","20.417697","182.61.200.7","10.203.72.7","TLSv1.2","1514","Application Data"
"2528","20.417698","182.61.200.7","10.203.72.7","TCP","1514","443  >  57267 [ACK] Seq=59227 Ack=3547 Win=38144 Len=1460 [TCP segment of a reassembled PDU]"
"2529","20.417771","10.203.72.7","182.61.200.7","TCP","54","57267  >  443 [ACK] Seq=3547 Ack=60687 Win=17408 Len=0"
"2530","20.420109","182.61.200.7","10.203.72.7","TLSv1.2","1288","Application Data"
"2531","20.420110","182.61.200.7","10.203.72.7","TLSv1.2","177","Application Data"
"2532","20.420110","182.61.200.7","10.203.72.7","TCP","60","443  >  57276 [ACK] Seq=1 Ack=518 Win=30336 Len=0"
"2533","20.420207","10.203.72.7","182.61.200.7","TCP","54","57267  >  443 [ACK] Seq=3547 Ack=62044 Win=16128 Len=0"
"2534","20.421284","182.61.200.7","10.203.72.7","TLSv1.2","150","Server Hello"
"2535","20.421285","182.61.200.7","10.203.72.7","TLSv1.2","60","Change Cipher Spec"
"2536","20.421348","10.203.72.7","182.61.200.7","TCP","54","57276  >  443 [ACK] Seq=518 Ack=103 Win=17408 Len=0"
"2537","20.422351","182.61.200.7","10.203.72.7","TLSv1.2","99","Encrypted Handshake Message"
"2538","20.422351","182.61.200.7","10.203.72.7","TLSv1.2","99","[TCP Spurious Retransmission] , Encrypted Handshake Message"
"2539","20.422351","59.78.173.32","10.203.72.7","TCP","60","443  >  57277 [ACK] Seq=4211 Ack=688 Win=71168 Len=0"
"2540","20.422390","10.203.72.7","182.61.200.7","TCP","66","[TCP Dup ACK 2521#1] 57274  >  443 [ACK] Seq=1272 Ack=148 Win=17152 Len=0 SLE=103 SRE=148"
"2541","20.422566","10.203.72.7","182.61.200.7","TLSv1.2","105","Change Cipher Spec, Encrypted Handshake Message"
"2542","20.422634","59.78.173.32","10.203.72.7","TCP","60","443  >  57277 [ACK] Seq=4211 Ack=984 Win=71168 Len=0"
"2543","20.423058","59.78.173.32","10.203.72.7","TCP","60","443  >  57277 [ACK] Seq=4211 Ack=1132 Win=72256 Len=0"
"2544","20.424096","59.78.173.32","10.203.72.7","TCP","60","443  >  57277 [ACK] Seq=4211 Ack=1245 Win=72256 Len=0"
"2545","20.424405","59.78.173.32","10.203.72.7","TLSv1.2","84","Application Data"
"2546","20.426645","59.78.173.32","10.203.72.7","TCP","1394","443  >  57277 [ACK] Seq=4241 Ack=1245 Win=72256 Len=1340 [TCP segment of a reassembled PDU]"
"2547","20.426648","59.78.173.32","10.203.72.7","TCP","1394","443  >  57277 [ACK] Seq=5581 Ack=1245 Win=72256 Len=1340 [TCP segment of a reassembled PDU]"
"2548","20.426648","59.78.173.32","10.203.72.7","TLSv1.2","987","Application Data"
"2549","20.426715","10.203.72.7","59.78.173.32","TCP","54","57277  >  443 [ACK] Seq=1275 Ack=7854 Win=17408 Len=0"
"2550","20.426918","59.78.173.32","10.203.72.7","TLSv1.2","84","Application Data"
"2551","20.429381","59.78.173.32","10.203.72.7","TCP","1394","443  >  57277 [ACK] Seq=7884 Ack=1245 Win=72256 Len=1340 [TCP segment of a reassembled PDU]"
"2552","20.429381","59.78.173.32","10.203.72.7","TCP","1394","443  >  57277 [ACK] Seq=9224 Ack=1245 Win=72256 Len=1340 [TCP segment of a reassembled PDU]"
"2553","20.429383","59.78.173.32","10.203.72.7","TCP","1394","443  >  57277 [ACK] Seq=10564 Ack=1245 Win=72256 Len=1340 [TCP segment of a reassembled PDU]"
"2554","20.429478","10.203.72.7","59.78.173.32","TCP","54","57277  >  443 [ACK] Seq=1275 Ack=11904 Win=17408 Len=0"
"2555","20.430433","59.78.173.32","10.203.72.7","TCP","1394","443  >  57277 [ACK] Seq=11904 Ack=1245 Win=72256 Len=1340 [TCP segment of a reassembled PDU]"
"2556","20.430459","10.203.72.7","59.78.173.32","TCP","54","57277  >  443 [ACK] Seq=1275 Ack=13244 Win=17408 Len=0"
"2557","20.433832","59.78.173.32","10.203.72.7","TCP","1394","443  >  57277 [ACK] Seq=13244 Ack=1245 Win=72256 Len=1340 [TCP segment of a reassembled PDU]"
"2558","20.433833","59.78.173.32","10.203.72.7","TCP","1394","443  >  57277 [ACK] Seq=14584 Ack=1245 Win=72256 Len=1340 [TCP segment of a reassembled PDU]"
"2559","20.433933","10.203.72.7","59.78.173.32","TCP","54","57277  >  443 [ACK] Seq=1275 Ack=15924 Win=17408 Len=0"
"2560","20.436482","59.78.173.32","10.203.72.7","TCP","1394","443  >  57277 [ACK] Seq=15924 Ack=1245 Win=72256 Len=1340 [TCP segment of a reassembled PDU]"
"2561","20.436482","59.78.173.32","10.203.72.7","TCP","1394","443  >  57277 [ACK] Seq=17264 Ack=1245 Win=72256 Len=1340 [TCP segment of a reassembled PDU]"
"2562","20.436484","182.61.200.7","10.203.72.7","TLSv1.2","99","[TCP Spurious Retransmission] , Encrypted Handshake Message"
"2563","20.436566","10.203.72.7","182.61.200.7","TCP","66","[TCP Dup ACK 2541#1] 57276  >  443 [ACK] Seq=569 Ack=148 Win=17152 Len=0 SLE=103 SRE=148"
"2564","20.436622","10.203.72.7","59.78.173.32","TCP","54","57277  >  443 [ACK] Seq=1275 Ack=18604 Win=17408 Len=0"
"2565","20.436729","59.78.173.32","10.203.72.7","TCP","138","[TCP Previous segment not captured] 443  >  57277 [ACK] Seq=19944 Ack=1245 Win=72256 Len=84 [TCP segment of a reassembled PDU]"
"2566","20.436755","10.203.72.7","59.78.173.32","TCP","66","[TCP Dup ACK 2564#1] 57277  >  443 [ACK] Seq=1275 Ack=18604 Win=17408 Len=0 SLE=19944 SRE=20028"
"2567","20.439041","59.78.173.32","10.203.72.7","TCP","1394","[TCP Out-Of-Order] 443  >  57277 [ACK] Seq=18604 Ack=1245 Win=72256 Len=1340 [TCP segment of a reassembled PDU]"
"2568","20.439042","59.78.173.32","10.203.72.7","TCP","1394","443  >  57277 [ACK] Seq=20028 Ack=1245 Win=72256 Len=1340 [TCP segment of a reassembled PDU]"
"2569","20.439044","59.78.173.32","10.203.72.7","TCP","305","443  >  57277 [ACK] Seq=21368 Ack=1245 Win=72256 Len=251 [TCP segment of a reassembled PDU]"
"2570","20.439044","59.78.173.32","10.203.72.7","TCP","60","443  >  57277 [ACK] Seq=21619 Ack=1275 Win=72256 Len=0"
"2571","20.439147","10.203.72.7","59.78.173.32","TCP","54","57277  >  443 [ACK] Seq=1275 Ack=20028 Win=17408 Len=0"
"2572","20.439234","10.203.72.7","59.78.173.32","TCP","54","57277  >  443 [ACK] Seq=1275 Ack=21619 Win=17408 Len=0"
"2573","20.439284","182.61.200.7","10.203.72.7","TCP","60","443  >  57275 [ACK] Seq=1 Ack=518 Win=30336 Len=0"
"2574","20.439564","182.61.200.7","10.203.72.7","TLSv1.2","150","Server Hello"
"2575","20.439564","182.61.200.7","10.203.72.7","TLSv1.2","60","Change Cipher Spec"
"2576","20.439603","10.203.72.7","182.61.200.7","TCP","54","57275  >  443 [ACK] Seq=518 Ack=103 Win=17408 Len=0"
"2577","20.444006","182.61.200.7","10.203.72.7","TLSv1.2","99","Encrypted Handshake Message"
"2578","20.444007","182.61.200.7","10.203.72.7","TCP","99","[TCP Retransmission] 443  >  57275 [PSH, ACK] Seq=103 Ack=518 Win=30336 Len=45"
"2579","20.444117","10.203.72.7","182.61.200.7","TCP","66","57275  >  443 [ACK] Seq=518 Ack=148 Win=17152 Len=0 SLE=103 SRE=148"
"2580","20.444236","10.203.72.7","182.61.200.7","TLSv1.2","105","Change Cipher Spec, Encrypted Handshake Message"
"2581","20.444520","182.61.200.7","10.203.72.7","TCP","60","443  >  57266 [ACK] Seq=45668 Ack=2644 Win=35840 Len=0"
"2582","20.445305","182.61.200.7","10.203.72.7","TLSv1.2","1099","Application Data"
"2583","20.448450","182.61.200.7","10.203.72.7","TCP","60","443  >  57274 [ACK] Seq=148 Ack=569 Win=30336 Len=0"
"2584","20.456550","182.61.200.7","10.203.72.7","TCP","60","443  >  57274 [ACK] Seq=148 Ack=1272 Win=31744 Len=0"
"2585","20.460027","182.61.200.7","10.203.72.7","TCP","1514","443  >  57274 [ACK] Seq=148 Ack=1272 Win=31744 Len=1460 [TCP segment of a reassembled PDU]"
"2586","20.460028","182.61.200.7","10.203.72.7","TCP","1514","443  >  57274 [ACK] Seq=1608 Ack=1272 Win=31744 Len=1460 [TCP segment of a reassembled PDU]"
"2587","20.460123","10.203.72.7","182.61.200.7","TCP","54","57274  >  443 [ACK] Seq=1272 Ack=3068 Win=17408 Len=0"
"2588","20.462908","182.61.200.7","10.203.72.7","TLSv1.2","1163","Application Data"
"2589","20.473068","182.61.200.7","10.203.72.7","TLSv1.2","179","Application Data"
"2590","20.473068","182.61.200.7","10.203.72.7","TCP","1514","443  >  57274 [ACK] Seq=4302 Ack=1272 Win=31744 Len=1460 [TCP segment of a reassembled PDU]"
"2591","20.473069","182.61.200.7","10.203.72.7","TLSv1.2","1351","Application Data"
"2592","20.473072","59.78.173.32","10.203.72.7","TCP","1394","443  >  57277 [ACK] Seq=21619 Ack=1275 Win=72256 Len=1340 [TCP segment of a reassembled PDU]"
"2593","20.473227","10.203.72.7","182.61.200.7","TCP","54","57274  >  443 [ACK] Seq=1272 Ack=7059 Win=17408 Len=0"
"2594","20.473598","59.78.173.32","10.203.72.7","TLSv1.2","1394","Application Data [TCP segment of a reassembled PDU]"
"2595","20.473745","10.203.72.7","59.78.173.32","TCP","54","57277  >  443 [ACK] Seq=1275 Ack=24299 Win=17408 Len=0"
"2596","20.474111","59.78.173.32","10.203.72.7","TCP","1394","443  >  57277 [ACK] Seq=24299 Ack=1275 Win=72256 Len=1340 [TCP segment of a reassembled PDU]"
"2597","20.477789","59.78.173.32","10.203.72.7","TCP","1394","443  >  57277 [ACK] Seq=25639 Ack=1275 Win=72256 Len=1340 [TCP segment of a reassembled PDU]"
"2598","20.477790","59.78.173.32","10.203.72.7","TCP","1143","443  >  57277 [ACK] Seq=26979 Ack=1275 Win=72256 Len=1089 [TCP segment of a reassembled PDU]"
"2599","20.477793","59.78.173.32","10.203.72.7","TCP","1394","443  >  57277 [ACK] Seq=28068 Ack=1275 Win=72256 Len=1340 [TCP segment of a reassembled PDU]"
"2600","20.477899","10.203.72.7","59.78.173.32","TCP","54","57277  >  443 [ACK] Seq=1275 Ack=29408 Win=17408 Len=0"
"2601","20.478301","59.78.173.32","10.203.72.7","TCP","1298","443  >  57277 [ACK] Seq=29408 Ack=1275 Win=72256 Len=1244 [TCP segment of a reassembled PDU]"
"2605","20.479918","59.78.173.32","10.203.72.7","TCP","1394","443  >  57277 [ACK] Seq=30652 Ack=1275 Win=72256 Len=1340 [TCP segment of a reassembled PDU]"
"2606","20.479919","59.78.173.32","10.203.72.7","TCP","1394","443  >  57277 [ACK] Seq=31992 Ack=1275 Win=72256 Len=1340 [TCP segment of a reassembled PDU]"
"2607","20.479921","59.78.173.32","10.203.72.7","TCP","1394","443  >  57277 [ACK] Seq=33332 Ack=1275 Win=72256 Len=1340 [TCP segment of a reassembled PDU]"
"2608","20.479992","10.203.72.7","59.78.173.32","TCP","54","57277  >  443 [ACK] Seq=1275 Ack=34672 Win=17408 Len=0"
"2609","20.481838","59.78.173.32","10.203.72.7","TCP","1394","443  >  57277 [ACK] Seq=34672 Ack=1275 Win=72256 Len=1340 [TCP segment of a reassembled PDU]"
"2610","20.481838","59.78.173.32","10.203.72.7","TCP","150","443  >  57277 [PSH, ACK] Seq=36012 Ack=1275 Win=72256 Len=96 [TCP segment of a reassembled PDU]"
"2611","20.481838","59.78.173.32","10.203.72.7","TCP","1394","443  >  57277 [ACK] Seq=36108 Ack=1275 Win=72256 Len=1340 [TCP segment of a reassembled PDU]"
"2612","20.481840","59.78.173.32","10.203.72.7","TCP","1394","443  >  57277 [ACK] Seq=37448 Ack=1275 Win=72256 Len=1340 [TCP segment of a reassembled PDU]"
"2613","20.481932","10.203.72.7","59.78.173.32","TCP","54","57277  >  443 [ACK] Seq=1275 Ack=38788 Win=17408 Len=0"
"2614","20.484776","10.203.72.7","182.61.200.7","TCP","54","57266  >  443 [ACK] Seq=2644 Ack=46713 Win=16384 Len=0"
"2615","20.490676","182.61.200.7","10.203.72.7","TCP","60","443  >  57276 [ACK] Seq=148 Ack=569 Win=30336 Len=0"
"2616","20.492462","182.61.200.7","10.203.72.7","TCP","60","443  >  57275 [ACK] Seq=148 Ack=569 Win=30336 Len=0"
"2617","20.497639","59.78.173.32","10.203.72.7","TCP","1394","443  >  57277 [ACK] Seq=38788 Ack=1275 Win=72256 Len=1340 [TCP segment of a reassembled PDU]"
"2618","20.497640","59.78.173.32","10.203.72.7","TLSv1.2","1394","Application Data, Application Data, Application Data"
"2619","20.497725","10.203.72.7","59.78.173.32","TCP","54","57277  >  443 [ACK] Seq=1275 Ack=41468 Win=17408 Len=0"
"2620","20.499664","59.78.173.32","10.203.72.7","TCP","1394","443  >  57277 [ACK] Seq=41468 Ack=1275 Win=72256 Len=1340 [TCP segment of a reassembled PDU]"
"2621","20.499665","59.78.173.32","10.203.72.7","TCP","1394","443  >  57277 [ACK] Seq=42808 Ack=1275 Win=72256 Len=1340 [TCP segment of a reassembled PDU]"
"2622","20.499668","59.78.173.32","10.203.72.7","TCP","1394","443  >  57277 [ACK] Seq=44148 Ack=1275 Win=72256 Len=1340 [TCP segment of a reassembled PDU]"
"2623","20.499753","10.203.72.7","59.78.173.32","TCP","54","57277  >  443 [ACK] Seq=1275 Ack=45488 Win=61440 Len=0"
"2624","20.500308","59.78.173.32","10.203.72.7","TCP","1382","443  >  57277 [ACK] Seq=45488 Ack=1275 Win=72256 Len=1328 [TCP segment of a reassembled PDU]"
"2625","20.500364","10.203.72.7","59.78.173.32","TCP","54","57277  >  443 [ACK] Seq=1275 Ack=46816 Win=60160 Len=0"
"2626","20.500856","59.78.173.32","10.203.72.7","TCP","1394","443  >  57277 [ACK] Seq=46816 Ack=1275 Win=72256 Len=1340 [TCP segment of a reassembled PDU]"
"2627","20.501605","59.78.173.32","10.203.72.7","TCP","1394","443  >  57277 [ACK] Seq=48156 Ack=1275 Win=72256 Len=1340 [TCP segment of a reassembled PDU]"
"2628","20.501652","10.203.72.7","59.78.173.32","TCP","54","57277  >  443 [ACK] Seq=1275 Ack=49496 Win=61440 Len=0"
"2629","20.503714","59.78.173.32","10.203.72.7","TCP","1394","443  >  57277 [ACK] Seq=49496 Ack=1275 Win=72256 Len=1340 [TCP segment of a reassembled PDU]"
"2630","20.503715","59.78.173.32","10.203.72.7","TCP","1298","443  >  57277 [ACK] Seq=50836 Ack=1275 Win=72256 Len=1244 [TCP segment of a reassembled PDU]"
"2631","20.503717","59.78.173.32","10.203.72.7","TCP","162","443  >  57277 [PSH, ACK] Seq=52080 Ack=1275 Win=72256 Len=108 [TCP segment of a reassembled PDU]"
"2632","20.503829","10.203.72.7","59.78.173.32","TCP","54","57277  >  443 [ACK] Seq=1275 Ack=52188 Win=61440 Len=0"
"2633","20.506170","59.78.173.32","10.203.72.7","TCP","1394","443  >  57277 [ACK] Seq=52188 Ack=1275 Win=72256 Len=1340 [TCP segment of a reassembled PDU]"
"2634","20.506171","59.78.173.32","10.203.72.7","TCP","1394","443  >  57277 [ACK] Seq=53528 Ack=1275 Win=72256 Len=1340 [TCP segment of a reassembled PDU]"
"2635","20.506250","10.203.72.7","59.78.173.32","TCP","54","57277  >  443 [ACK] Seq=1275 Ack=54868 Win=61440 Len=0"
"2636","20.506646","59.78.173.32","10.203.72.7","TLSv1.2","1329","Application Data, Application Data"
"2637","20.506724","10.203.72.7","59.78.173.32","TCP","54","57277  >  443 [ACK] Seq=1275 Ack=56143 Win=60160 Len=0"
"2638","20.535367","10.203.72.7","59.78.173.32","TLSv1.2","241","Application Data"
"2639","20.544738","10.203.72.7","59.78.173.32","TLSv1.2","169","Application Data"
"2640","20.562599","59.78.173.32","10.203.72.7","TCP","60","443  >  57277 [ACK] Seq=56143 Ack=1462 Win=73344 Len=0"
"2641","20.562695","59.78.173.32","10.203.72.7","TCP","60","443  >  57277 [ACK] Seq=56143 Ack=1577 Win=73344 Len=0"
"2642","20.563446","59.78.173.32","10.203.72.7","TCP","1394","443  >  57277 [ACK] Seq=56143 Ack=1577 Win=73344 Len=1340 [TCP segment of a reassembled PDU]"
"2643","20.568069","59.78.173.32","10.203.72.7","TCP","1394","443  >  57277 [ACK] Seq=57483 Ack=1577 Win=73344 Len=1340 [TCP segment of a reassembled PDU]"
"2644","20.568069","59.78.173.32","10.203.72.7","TCP","1394","443  >  57277 [ACK] Seq=58823 Ack=1577 Win=73344 Len=1340 [TCP segment of a reassembled PDU]"
"2645","20.568071","59.78.173.32","10.203.72.7","TCP","1394","443  >  57277 [ACK] Seq=60163 Ack=1577 Win=73344 Len=1340 [TCP segment of a reassembled PDU]"
"2646","20.568135","10.203.72.7","59.78.173.32","TCP","54","57277  >  443 [ACK] Seq=1577 Ack=61503 Win=61440 Len=0"
"2647","20.568630","59.78.173.32","10.203.72.7","TCP","1394","443  >  57277 [ACK] Seq=61503 Ack=1577 Win=73344 Len=1340 [TCP segment of a reassembled PDU]"
"2648","20.569788","59.78.173.32","10.203.72.7","TCP","1394","443  >  57277 [ACK] Seq=62843 Ack=1577 Win=73344 Len=1340 [TCP segment of a reassembled PDU]"
"2649","20.569789","59.78.173.32","10.203.72.7","TCP","1394","443  >  57277 [ACK] Seq=64183 Ack=1577 Win=73344 Len=1340 [TCP segment of a reassembled PDU]"
"2650","20.569789","59.78.173.32","10.203.72.7","TCP","1394","443  >  57277 [ACK] Seq=65523 Ack=1577 Win=73344 Len=1340 [TCP segment of a reassembled PDU]"
"2651","20.569846","10.203.72.7","59.78.173.32","TCP","54","57277  >  443 [ACK] Seq=1577 Ack=66863 Win=61440 Len=0"
"2652","20.570318","59.78.173.32","10.203.72.7","TCP","1394","443  >  57277 [ACK] Seq=66863 Ack=1577 Win=73344 Len=1340 [TCP segment of a reassembled PDU]"
"2653","20.571321","59.78.173.32","10.203.72.7","TCP","1394","443  >  57277 [ACK] Seq=68203 Ack=1577 Win=73344 Len=1340 [TCP segment of a reassembled PDU]"
"2654","20.571368","10.203.72.7","59.78.173.32","TCP","54","57277  >  443 [ACK] Seq=1577 Ack=69543 Win=61440 Len=0"
"2655","20.575409","59.78.173.32","10.203.72.7","TCP","1394","443  >  57277 [ACK] Seq=69543 Ack=1577 Win=73344 Len=1340 [TCP segment of a reassembled PDU]"
"2656","20.575421","59.78.173.32","10.203.72.7","TCP","1394","443  >  57277 [ACK] Seq=70883 Ack=1577 Win=73344 Len=1340 [TCP segment of a reassembled PDU]"
"2657","20.576085","10.203.72.7","59.78.173.32","TCP","54","57277  >  443 [ACK] Seq=1577 Ack=72223 Win=61440 Len=0"
"2658","20.576529","59.78.173.32","10.203.72.7","TLSv1.2","1394","Application Data [TCP segment of a reassembled PDU]"
"2659","20.579824","59.78.173.32","10.203.72.7","TCP","1394","443  >  57277 [ACK] Seq=73563 Ack=1577 Win=73344 Len=1340 [TCP segment of a reassembled PDU]"
"2660","20.579906","10.203.72.7","59.78.173.32","TCP","54","57277  >  443 [ACK] Seq=1577 Ack=74903 Win=61440 Len=0"
"2661","20.584946","59.78.173.32","10.203.72.7","TCP","1394","443  >  57277 [ACK] Seq=74903 Ack=1577 Win=73344 Len=1340 [TCP segment of a reassembled PDU]"
"2662","20.584949","59.78.173.32","10.203.72.7","TCP","1394","443  >  57277 [ACK] Seq=76243 Ack=1577 Win=73344 Len=1340 [TCP segment of a reassembled PDU]"
"2663","20.585060","10.203.72.7","59.78.173.32","TCP","54","57277  >  443 [ACK] Seq=1577 Ack=77583 Win=61440 Len=0"
"2664","20.586097","59.78.173.32","10.203.72.7","TCP","1394","443  >  57277 [ACK] Seq=77583 Ack=1577 Win=73344 Len=1340 [TCP segment of a reassembled PDU]"
"2665","20.586097","59.78.173.32","10.203.72.7","TCP","1394","443  >  57277 [ACK] Seq=78923 Ack=1577 Win=73344 Len=1340 [TCP segment of a reassembled PDU]"
"2666","20.586205","10.203.72.7","59.78.173.32","TCP","54","57277  >  443 [ACK] Seq=1577 Ack=80263 Win=61440 Len=0"
"2667","20.587567","59.78.173.32","10.203.72.7","TCP","1394","443  >  57277 [ACK] Seq=80263 Ack=1577 Win=73344 Len=1340 [TCP segment of a reassembled PDU]"
"2668","20.587568","59.78.173.32","10.203.72.7","TCP","1394","443  >  57277 [ACK] Seq=81603 Ack=1577 Win=73344 Len=1340 [TCP segment of a reassembled PDU]"
"2669","20.587616","10.203.72.7","59.78.173.32","TCP","54","57277  >  443 [ACK] Seq=1577 Ack=82943 Win=61440 Len=0"
"2670","20.588885","59.78.173.32","10.203.72.7","TCP","1394","443  >  57277 [ACK] Seq=82943 Ack=1577 Win=73344 Len=1340 [TCP segment of a reassembled PDU]"
"2671","20.588886","59.78.173.32","10.203.72.7","TCP","1394","443  >  57277 [ACK] Seq=84283 Ack=1577 Win=73344 Len=1340 [TCP segment of a reassembled PDU]"
"2672","20.588931","10.203.72.7","59.78.173.32","TCP","54","57277  >  443 [ACK] Seq=1577 Ack=85623 Win=61440 Len=0"
"2673","20.594614","59.78.173.32","10.203.72.7","TCP","1394","443  >  57277 [ACK] Seq=85623 Ack=1577 Win=73344 Len=1340 [TCP segment of a reassembled PDU]"
"2674","20.594615","59.78.173.32","10.203.72.7","TCP","1394","443  >  57277 [ACK] Seq=86963 Ack=1577 Win=73344 Len=1340 [TCP segment of a reassembled PDU]"
"2675","20.594616","59.78.173.32","10.203.72.7","TLSv1.2","1394","Application Data [TCP segment of a reassembled PDU]"
"2676","20.594699","10.203.72.7","59.78.173.32","TCP","54","57277  >  443 [ACK] Seq=1577 Ack=89643 Win=61440 Len=0"
"2677","20.596159","59.78.173.32","10.203.72.7","TCP","1394","443  >  57277 [ACK] Seq=89643 Ack=1577 Win=73344 Len=1340 [TCP segment of a reassembled PDU]"
"2678","20.596160","59.78.173.32","10.203.72.7","TCP","1394","443  >  57277 [ACK] Seq=90983 Ack=1577 Win=73344 Len=1340 [TCP segment of a reassembled PDU]"
"2679","20.596217","10.203.72.7","59.78.173.32","TCP","54","57277  >  443 [ACK] Seq=1577 Ack=92323 Win=61440 Len=0"
"2680","20.598444","59.78.173.32","10.203.72.7","TCP","1394","443  >  57277 [ACK] Seq=92323 Ack=1577 Win=73344 Len=1340 [TCP segment of a reassembled PDU]"
"2681","20.598513","10.203.72.7","59.78.173.32","TCP","54","57277  >  443 [ACK] Seq=1577 Ack=93663 Win=61440 Len=0"
"2682","20.598615","59.78.173.32","10.203.72.7","TCP","1394","443  >  57277 [ACK] Seq=93663 Ack=1577 Win=73344 Len=1340 [TCP segment of a reassembled PDU]"
"2683","20.600439","59.78.173.32","10.203.72.7","TCP","1394","443  >  57277 [ACK] Seq=95003 Ack=1577 Win=73344 Len=1340 [TCP segment of a reassembled PDU]"
"2684","20.600494","10.203.72.7","59.78.173.32","TCP","54","57277  >  443 [ACK] Seq=1577 Ack=96343 Win=61440 Len=0"
"2685","20.600923","59.78.173.32","10.203.72.7","TCP","1394","443  >  57277 [ACK] Seq=96343 Ack=1577 Win=73344 Len=1340 [TCP segment of a reassembled PDU]"
"2686","20.603129","59.78.173.32","10.203.72.7","TCP","1394","443  >  57277 [ACK] Seq=97683 Ack=1577 Win=73344 Len=1340 [TCP segment of a reassembled PDU]"
"2687","20.603130","59.78.173.32","10.203.72.7","TCP","1394","443  >  57277 [ACK] Seq=99023 Ack=1577 Win=73344 Len=1340 [TCP segment of a reassembled PDU]"
"2688","20.603130","59.78.173.32","10.203.72.7","TCP","1394","443  >  57277 [ACK] Seq=100363 Ack=1577 Win=73344 Len=1340 [TCP segment of a reassembled PDU]"
"2689","20.603183","10.203.72.7","59.78.173.32","TCP","54","57277  >  443 [ACK] Seq=1577 Ack=101703 Win=61440 Len=0"
"2690","20.603681","59.78.173.32","10.203.72.7","TCP","1394","443  >  57277 [ACK] Seq=101703 Ack=1577 Win=73344 Len=1340 [TCP segment of a reassembled PDU]"
"2691","20.608303","59.78.173.32","10.203.72.7","TCP","1394","443  >  57277 [ACK] Seq=103043 Ack=1577 Win=73344 Len=1340 [TCP segment of a reassembled PDU]"
"2692","20.608304","59.78.173.32","10.203.72.7","TLSv1.2","1394","Application Data [TCP segment of a reassembled PDU]"
"2693","20.608305","59.78.173.32","10.203.72.7","TCP","1394","443  >  57277 [ACK] Seq=105723 Ack=1577 Win=73344 Len=1340 [TCP segment of a reassembled PDU]"
"2694","20.608366","10.203.72.7","59.78.173.32","TCP","54","57277  >  443 [ACK] Seq=1577 Ack=107063 Win=61440 Len=0"
"2695","20.610028","59.78.173.32","10.203.72.7","TCP","1394","443  >  57277 [ACK] Seq=107063 Ack=1577 Win=73344 Len=1340 [TCP segment of a reassembled PDU]"
"2696","20.610029","59.78.173.32","10.203.72.7","TCP","1394","443  >  57277 [ACK] Seq=108403 Ack=1577 Win=73344 Len=1340 [TCP segment of a reassembled PDU]"
"2697","20.610093","10.203.72.7","59.78.173.32","TCP","54","57277  >  443 [ACK] Seq=1577 Ack=109743 Win=61440 Len=0"
"2698","20.611446","59.78.173.32","10.203.72.7","TCP","1394","443  >  57277 [ACK] Seq=109743 Ack=1577 Win=73344 Len=1340 [TCP segment of a reassembled PDU]"
"2699","20.613964","59.78.173.32","10.203.72.7","TCP","1394","443  >  57277 [ACK] Seq=111083 Ack=1577 Win=73344 Len=1340 [TCP segment of a reassembled PDU]"
"2700","20.613965","59.78.173.32","10.203.72.7","TCP","1394","443  >  57277 [ACK] Seq=112423 Ack=1577 Win=73344 Len=1340 [TCP segment of a reassembled PDU]"
"2701","20.613966","59.78.173.32","10.203.72.7","TCP","1394","443  >  57277 [ACK] Seq=113763 Ack=1577 Win=73344 Len=1340 [TCP segment of a reassembled PDU]"
"2702","20.614013","10.203.72.7","59.78.173.32","TCP","54","57277  >  443 [ACK] Seq=1577 Ack=115103 Win=61440 Len=0"
"2703","20.614527","59.78.173.32","10.203.72.7","TCP","1394","443  >  57277 [ACK] Seq=115103 Ack=1577 Win=73344 Len=1340 [TCP segment of a reassembled PDU]"
"2704","20.619184","59.78.173.32","10.203.72.7","TCP","1394","443  >  57277 [ACK] Seq=116443 Ack=1577 Win=73344 Len=1340 [TCP segment of a reassembled PDU]"
"2705","20.619526","10.203.72.7","59.78.173.32","TCP","54","57277  >  443 [ACK] Seq=1577 Ack=117783 Win=61440 Len=0"
"2707","20.619938","59.78.173.32","10.203.72.7","TCP","1394","443  >  57277 [ACK] Seq=117783 Ack=1577 Win=73344 Len=1340 [TCP segment of a reassembled PDU]"
"2708","20.619941","59.78.173.32","10.203.72.7","TCP","1394","443  >  57277 [ACK] Seq=119123 Ack=1577 Win=73344 Len=1340 [TCP segment of a reassembled PDU]"
"2709","20.620043","10.203.72.7","59.78.173.32","TCP","54","57277  >  443 [ACK] Seq=1577 Ack=120463 Win=61440 Len=0"
"2710","20.620159","59.78.173.32","10.203.72.7","TLSv1.2","1394","Application Data [TCP segment of a reassembled PDU]"
"2711","20.621182","59.78.173.32","10.203.72.7","TCP","1394","443  >  57277 [ACK] Seq=121803 Ack=1577 Win=73344 Len=1340 [TCP segment of a reassembled PDU]"
"2712","20.621250","10.203.72.7","59.78.173.32","TCP","54","57277  >  443 [ACK] Seq=1577 Ack=123143 Win=61440 Len=0"
"2713","20.625296","59.78.173.32","10.203.72.7","TCP","1394","443  >  57277 [ACK] Seq=123143 Ack=1577 Win=73344 Len=1340 [TCP segment of a reassembled PDU]"
"2714","20.625297","59.78.173.32","10.203.72.7","TCP","1394","443  >  57277 [ACK] Seq=124483 Ack=1577 Win=73344 Len=1340 [TCP segment of a reassembled PDU]"
"2715","20.625392","10.203.72.7","59.78.173.32","TCP","54","57277  >  443 [ACK] Seq=1577 Ack=125823 Win=61440 Len=0"
"2716","20.628737","59.78.173.32","10.203.72.7","TCP","1394","443  >  57277 [ACK] Seq=125823 Ack=1577 Win=73344 Len=1340 [TCP segment of a reassembled PDU]"
"2717","20.628738","59.78.173.32","10.203.72.7","TCP","1394","443  >  57277 [ACK] Seq=127163 Ack=1577 Win=73344 Len=1340 [TCP segment of a reassembled PDU]"
"2718","20.628814","10.203.72.7","59.78.173.32","TCP","54","57277  >  443 [ACK] Seq=1577 Ack=128503 Win=125952 Len=0"
"2719","20.629435","59.78.173.32","10.203.72.7","TCP","1394","443  >  57277 [ACK] Seq=128503 Ack=1577 Win=73344 Len=1340 [TCP segment of a reassembled PDU]"
"2720","20.631910","59.78.173.32","10.203.72.7","TCP","1394","443  >  57277 [ACK] Seq=129843 Ack=1577 Win=73344 Len=1340 [TCP segment of a reassembled PDU]"
"2721","20.631911","59.78.173.32","10.203.72.7","TCP","1394","443  >  57277 [ACK] Seq=131183 Ack=1577 Win=73344 Len=1340 [TCP segment of a reassembled PDU]"
"2722","20.631941","10.203.72.7","59.78.173.32","TCP","54","57277  >  443 [ACK] Seq=1577 Ack=132523 Win=125952 Len=0"
"2724","20.632537","59.78.173.32","10.203.72.7","TCP","1394","443  >  57277 [ACK] Seq=132523 Ack=1577 Win=73344 Len=1340 [TCP segment of a reassembled PDU]"
"2725","20.632572","10.203.72.7","59.78.173.32","TCP","54","57277  >  443 [ACK] Seq=1577 Ack=133863 Win=125952 Len=0"
"2726","20.635602","59.78.173.32","10.203.72.7","TCP","1394","443  >  57277 [ACK] Seq=133863 Ack=1577 Win=73344 Len=1340 [TCP segment of a reassembled PDU]"
"2727","20.635603","59.78.173.32","10.203.72.7","TCP","1194","443  >  57277 [ACK] Seq=135203 Ack=1577 Win=73344 Len=1140 [TCP segment of a reassembled PDU]"
"2728","20.635667","10.203.72.7","59.78.173.32","TCP","54","57277  >  443 [ACK] Seq=1577 Ack=136343 Win=125952 Len=0"
"2729","20.639990","59.78.173.32","10.203.72.7","TCP","1394","443  >  57277 [ACK] Seq=136343 Ack=1577 Win=73344 Len=1340 [TCP segment of a reassembled PDU]"
"2730","20.640695","59.78.173.32","10.203.72.7","TLSv1.2","1394","Application Data [TCP segment of a reassembled PDU]"
"2731","20.640935","10.203.72.7","59.78.173.32","TCP","54","57277  >  443 [ACK] Seq=1577 Ack=139023 Win=125952 Len=0"
"2732","20.645375","59.78.173.32","10.203.72.7","TCP","1394","443  >  57277 [ACK] Seq=139023 Ack=1577 Win=73344 Len=1340 [TCP segment of a reassembled PDU]"
"2733","20.647681","59.78.173.32","10.203.72.7","TCP","1394","443  >  57277 [ACK] Seq=140363 Ack=1577 Win=73344 Len=1340 [TCP segment of a reassembled PDU]"
"2734","20.647776","10.203.72.7","59.78.173.32","TCP","54","57277  >  443 [ACK] Seq=1577 Ack=141703 Win=125952 Len=0"
"2735","20.654954","59.78.173.32","10.203.72.7","TCP","1394","[TCP Previous segment not captured] 443  >  57277 [ACK] Seq=143043 Ack=1577 Win=73344 Len=1340 [TCP segment of a reassembled PDU]"
"2736","20.654956","59.78.173.32","10.203.72.7","TCP","1394","443  >  57277 [ACK] Seq=144383 Ack=1577 Win=73344 Len=1340 [TCP segment of a reassembled PDU], Application Data"
"2737","20.654956","59.78.173.32","10.203.72.7","TLSv1.2","504","Application Data"
"2738","20.655010","10.203.72.7","59.78.173.32","TCP","66","[TCP Dup ACK 2734#1] 57277  >  443 [ACK] Seq=1577 Ack=141703 Win=125952 Len=0 SLE=143043 SRE=144383"
"2739","20.655061","10.203.72.7","59.78.173.32","TCP","66","[TCP Dup ACK 2734#2] 57277  >  443 [ACK] Seq=1577 Ack=141703 Win=125952 Len=0 SLE=143043 SRE=145723"
"2740","20.655083","10.203.72.7","59.78.173.32","TCP","66","[TCP Dup ACK 2734#3] 57277  >  443 [ACK] Seq=1577 Ack=141703 Win=125952 Len=0 SLE=143043 SRE=146173"
"2745","20.826310","59.78.173.32","10.203.72.7","TCP","1394","[TCP Spurious Retransmission] 443  >  57277 [ACK] Seq=117783 Ack=1577 Win=73344 Len=1340[Reassembly error, protocol TCP: New fragment overlaps old data (retransmission?)]"
"2746","20.826310","59.78.173.32","10.203.72.7","TCP","1394","[TCP Spurious Retransmission] 443  >  57277 [ACK] Seq=119123 Ack=1577 Win=73344 Len=1340[Reassembly error, protocol TCP: New fragment overlaps old data (retransmission?)]"
"2747","20.826346","10.203.72.7","59.78.173.32","TCP","74","[TCP Dup ACK 2734#4] 57277  >  443 [ACK] Seq=1577 Ack=141703 Win=125952 Len=0 SLE=117783 SRE=119123 SLE=143043 SRE=146173"
"2748","20.826435","10.203.72.7","59.78.173.32","TCP","74","[TCP Dup ACK 2734#5] 57277  >  443 [ACK] Seq=1577 Ack=141703 Win=125952 Len=0 SLE=119123 SRE=120463 SLE=143043 SRE=146173"
"2749","20.901525","59.78.173.32","10.203.72.7","TCP","1394","[TCP Spurious Retransmission] 443  >  57277 [ACK] Seq=120463 Ack=1577 Win=73344 Len=1340[Reassembly error, protocol TCP: New fragment overlaps old data (retransmission?)]"
"2750","20.901561","10.203.72.7","59.78.173.32","TCP","74","[TCP Dup ACK 2734#6] 57277  >  443 [ACK] Seq=1577 Ack=141703 Win=125952 Len=0 SLE=120463 SRE=121803 SLE=143043 SRE=146173"
"2751","20.904369","59.78.173.32","10.203.72.7","TCP","1394","[TCP Spurious Retransmission] 443  >  57277 [ACK] Seq=121803 Ack=1577 Win=73344 Len=1340[Reassembly error, protocol TCP: New fragment overlaps old data (retransmission?)]"
"2752","20.904370","59.78.173.32","10.203.72.7","TCP","1394","[TCP Spurious Retransmission] 443  >  57277 [ACK] Seq=123143 Ack=1577 Win=73344 Len=1340[Reassembly error, protocol TCP: New fragment overlaps old data (retransmission?)]"
"2753","20.904371","59.78.173.32","10.203.72.7","TCP","1394","[TCP Spurious Retransmission] 443  >  57277 [ACK] Seq=124483 Ack=1577 Win=73344 Len=1340[Reassembly error, protocol TCP: New fragment overlaps old data (retransmission?)]"
"2754","20.904426","10.203.72.7","59.78.173.32","TCP","74","[TCP Dup ACK 2734#7] 57277  >  443 [ACK] Seq=1577 Ack=141703 Win=125952 Len=0 SLE=121803 SRE=123143 SLE=143043 SRE=146173"
"2755","20.904495","10.203.72.7","59.78.173.32","TCP","74","[TCP Dup ACK 2734#8] 57277  >  443 [ACK] Seq=1577 Ack=141703 Win=125952 Len=0 SLE=123143 SRE=124483 SLE=143043 SRE=146173"
"2756","20.904520","10.203.72.7","59.78.173.32","TCP","74","[TCP Dup ACK 2734#9] 57277  >  443 [ACK] Seq=1577 Ack=141703 Win=125952 Len=0 SLE=124483 SRE=125823 SLE=143043 SRE=146173"
"2757","20.905970","59.78.173.32","10.203.72.7","TCP","1394","[TCP Spurious Retransmission] 443  >  57277 [ACK] Seq=125823 Ack=1577 Win=73344 Len=1340[Reassembly error, protocol TCP: New fragment overlaps old data (retransmission?)]"
"2758","20.906009","10.203.72.7","59.78.173.32","TCP","74","[TCP Dup ACK 2734#10] 57277  >  443 [ACK] Seq=1577 Ack=141703 Win=125952 Len=0 SLE=125823 SRE=127163 SLE=143043 SRE=146173"
"2759","20.910331","59.78.173.32","10.203.72.7","TCP","1394","[TCP Spurious Retransmission] 443  >  57277 [ACK] Seq=127163 Ack=1577 Win=73344 Len=1340[Reassembly error, protocol TCP: New fragment overlaps old data (retransmission?)]"
"2760","20.910332","59.78.173.32","10.203.72.7","TCP","1394","[TCP Spurious Retransmission] 443  >  57277 [ACK] Seq=128503 Ack=1577 Win=73344 Len=1340[Reassembly error, protocol TCP: New fragment overlaps old data (retransmission?)]"
"2761","20.910394","10.203.72.7","59.78.173.32","TCP","74","[TCP Dup ACK 2734#11] 57277  >  443 [ACK] Seq=1577 Ack=141703 Win=125952 Len=0 SLE=127163 SRE=128503 SLE=143043 SRE=146173"
"2762","20.910499","10.203.72.7","59.78.173.32","TCP","74","[TCP Dup ACK 2734#12] 57277  >  443 [ACK] Seq=1577 Ack=141703 Win=125952 Len=0 SLE=128503 SRE=129843 SLE=143043 SRE=146173"
"2763","20.917476","59.78.173.32","10.203.72.7","TCP","1394","[TCP Spurious Retransmission] 443  >  57277 [ACK] Seq=129843 Ack=1577 Win=73344 Len=1340[Reassembly error, protocol TCP: New fragment overlaps old data (retransmission?)]"
"2764","20.917477","59.78.173.32","10.203.72.7","TCP","1394","[TCP Spurious Retransmission] 443  >  57277 [ACK] Seq=131183 Ack=1577 Win=73344 Len=1340[Reassembly error, protocol TCP: New fragment overlaps old data (retransmission?)]"
"2765","20.917552","10.203.72.7","59.78.173.32","TCP","74","[TCP Dup ACK 2734#13] 57277  >  443 [ACK] Seq=1577 Ack=141703 Win=125952 Len=0 SLE=129843 SRE=131183 SLE=143043 SRE=146173"
"2766","20.917609","10.203.72.7","59.78.173.32","TCP","74","[TCP Dup ACK 2734#14] 57277  >  443 [ACK] Seq=1577 Ack=141703 Win=125952 Len=0 SLE=131183 SRE=132523 SLE=143043 SRE=146173"
"2767","20.927413","59.78.173.32","10.203.72.7","TCP","1394","[TCP Spurious Retransmission] 443  >  57277 [ACK] Seq=132523 Ack=1577 Win=73344 Len=1340[Reassembly error, protocol TCP: New fragment overlaps old data (retransmission?)]"
"2768","20.927413","59.78.173.32","10.203.72.7","TCP","1394","[TCP Spurious Retransmission] 443  >  57277 [ACK] Seq=133863 Ack=1577 Win=73344 Len=1340[Reassembly error, protocol TCP: New fragment overlaps old data (retransmission?)]"
"2769","20.927416","59.78.173.32","10.203.72.7","TCP","1194","[TCP Spurious Retransmission] 443  >  57277 [ACK] Seq=135203 Ack=1577 Win=73344 Len=1140[Reassembly error, protocol TCP: New fragment overlaps old data (retransmission?)]"
"2770","20.927474","10.203.72.7","59.78.173.32","TCP","74","[TCP Dup ACK 2734#15] 57277  >  443 [ACK] Seq=1577 Ack=141703 Win=125952 Len=0 SLE=132523 SRE=133863 SLE=143043 SRE=146173"
"2771","20.927567","10.203.72.7","59.78.173.32","TCP","74","[TCP Dup ACK 2734#16] 57277  >  443 [ACK] Seq=1577 Ack=141703 Win=125952 Len=0 SLE=133863 SRE=135203 SLE=143043 SRE=146173"
"2772","20.927609","10.203.72.7","59.78.173.32","TCP","74","[TCP Dup ACK 2734#17] 57277  >  443 [ACK] Seq=1577 Ack=141703 Win=125952 Len=0 SLE=135203 SRE=136343 SLE=143043 SRE=146173"
"2773","20.950712","59.78.173.32","10.203.72.7","TCP","1394","[TCP Spurious Retransmission] 443  >  57277 [ACK] Seq=136343 Ack=1577 Win=73344 Len=1340[Reassembly error, protocol TCP: New fragment overlaps old data (retransmission?)]"
"2774","20.950713","59.78.173.32","10.203.72.7","TCP","1394","[TCP Spurious Retransmission] 443  >  57277 [ACK] Seq=137683 Ack=1577 Win=73344 Len=1340[Reassembly error, protocol TCP: New fragment overlaps old data (retransmission?)]"
"2775","20.950782","10.203.72.7","59.78.173.32","TCP","74","[TCP Dup ACK 2734#18] 57277  >  443 [ACK] Seq=1577 Ack=141703 Win=125952 Len=0 SLE=136343 SRE=137683 SLE=143043 SRE=146173"
"2776","20.950885","10.203.72.7","59.78.173.32","TCP","74","[TCP Dup ACK 2734#19] 57277  >  443 [ACK] Seq=1577 Ack=141703 Win=125952 Len=0 SLE=137683 SRE=139023 SLE=143043 SRE=146173"
"2777","20.963680","59.78.173.32","10.203.72.7","TCP","1394","[TCP Spurious Retransmission] 443  >  57277 [ACK] Seq=139023 Ack=1577 Win=73344 Len=1340 [TCP segment of a reassembled PDU]"
"2778","20.963681","59.78.173.32","10.203.72.7","TCP","1394","[TCP Spurious Retransmission] 443  >  57277 [ACK] Seq=140363 Ack=1577 Win=73344 Len=1340 [TCP segment of a reassembled PDU]"
"2779","20.963778","10.203.72.7","59.78.173.32","TCP","74","[TCP Dup ACK 2734#20] 57277  >  443 [ACK] Seq=1577 Ack=141703 Win=125952 Len=0 SLE=139023 SRE=140363 SLE=143043 SRE=146173"
"2780","20.963902","10.203.72.7","59.78.173.32","TCP","74","[TCP Dup ACK 2734#21] 57277  >  443 [ACK] Seq=1577 Ack=141703 Win=125952 Len=0 SLE=140363 SRE=141703 SLE=143043 SRE=146173"
"2781","20.981088","59.78.173.32","10.203.72.7","TLSv1.2","1394","[TCP Fast Retransmission] , Application Data"
"2782","20.981090","59.78.173.32","10.203.72.7","TCP","1394","[TCP Retransmission] 443  >  57277 [ACK] Seq=143043 Ack=1577 Win=73344 Len=1340"
"2783","20.981215","10.203.72.7","59.78.173.32","TCP","54","57277  >  443 [ACK] Seq=1577 Ack=146173 Win=125952 Len=0"
"2784","20.981312","10.203.72.7","59.78.173.32","TCP","66","[TCP Dup ACK 2783#1] 57277  >  443 [ACK] Seq=1577 Ack=146173 Win=125952 Len=0 SLE=143043 SRE=144383"
"2786","21.005820","10.203.72.7","59.78.173.32","TLSv1.2","172","Application Data"
"2787","21.016494","10.203.72.7","59.78.173.32","TLSv1.2","171","Application Data"
"2788","21.020550","59.78.173.32","10.203.72.7","TCP","60","443  >  57277 [ACK] Seq=146173 Ack=1695 Win=73344 Len=0"
"2789","21.022102","10.203.72.7","59.78.173.32","TLSv1.2","167","Application Data"
"2790","21.022278","59.78.173.32","10.203.72.7","TCP","1394","443  >  57277 [ACK] Seq=146173 Ack=1695 Win=73344 Len=1340 [TCP segment of a reassembled PDU]"
"2791","21.022278","59.78.173.32","10.203.72.7","TCP","1394","443  >  57277 [ACK] Seq=147513 Ack=1695 Win=73344 Len=1340 [TCP segment of a reassembled PDU]"
"2792","21.022340","10.203.72.7","59.78.173.32","TCP","54","57277  >  443 [ACK] Seq=1925 Ack=148853 Win=125952 Len=0"
"2793","21.025824","10.203.72.7","59.78.173.32","TLSv1.2","163","Application Data"
"2794","21.029161","59.78.173.32","10.203.72.7","TCP","1394","443  >  57277 [ACK] Seq=148853 Ack=1695 Win=73344 Len=1340 [TCP segment of a reassembled PDU]"
"2795","21.029162","59.78.173.32","10.203.72.7","TCP","1394","443  >  57277 [ACK] Seq=150193 Ack=1695 Win=73344 Len=1340 [TCP segment of a reassembled PDU]"
"2796","21.029256","10.203.72.7","59.78.173.32","TCP","54","57277  >  443 [ACK] Seq=2034 Ack=151533 Win=125952 Len=0"
"2797","21.030989","59.78.173.32","10.203.72.7","TLSv1.2","648","Application Data"
"2798","21.033015","10.203.72.7","59.78.173.32","TLSv1.2","176","Application Data"
"2800","21.041682","59.78.173.32","10.203.72.7","TLSv1.2","84","Application Data"
"2801","21.042057","59.78.173.32","10.203.72.7","TCP","60","443  >  57277 [ACK] Seq=152157 Ack=1812 Win=73344 Len=0"
"2802","21.042221","59.78.173.32","10.203.72.7","TCP","60","443  >  57277 [ACK] Seq=152157 Ack=1925 Win=73344 Len=0"
"2803","21.043753","59.78.173.32","10.203.72.7","TCP","1394","443  >  57277 [ACK] Seq=152157 Ack=1925 Win=73344 Len=1340 [TCP segment of a reassembled PDU]"
"2804","21.043818","10.203.72.7","59.78.173.32","TCP","54","57277  >  443 [ACK] Seq=2156 Ack=153497 Win=125952 Len=0"
"2805","21.044049","59.78.173.32","10.203.72.7","TLSv1.2","63","Application Data"
"2806","21.045939","59.78.173.32","10.203.72.7","TCP","60","443  >  57277 [ACK] Seq=153506 Ack=2034 Win=73344 Len=0"
"2807","21.046414","59.78.173.32","10.203.72.7","TCP","60","443  >  57277 [ACK] Seq=153506 Ack=2156 Win=73344 Len=0"
"2819","21.086760","10.203.72.7","59.78.173.32","TCP","54","57277  >  443 [ACK] Seq=2156 Ack=153506 Win=125696 Len=0"
"2820","21.102427","59.78.173.32","10.203.72.7","TCP","1394","443  >  57277 [ACK] Seq=153506 Ack=2156 Win=73344 Len=1340 [TCP segment of a reassembled PDU]"
"2821","21.102429","59.78.173.32","10.203.72.7","TCP","1394","443  >  57277 [ACK] Seq=154846 Ack=2156 Win=73344 Len=1340 [TCP segment of a reassembled PDU]"
"2822","21.102430","59.78.173.32","10.203.72.7","TCP","1394","443  >  57277 [ACK] Seq=156186 Ack=2156 Win=73344 Len=1340 [TCP segment of a reassembled PDU]"
"2823","21.102649","10.203.72.7","59.78.173.32","TCP","54","57277  >  443 [ACK] Seq=2156 Ack=157526 Win=125952 Len=0"
"2824","21.102956","59.78.173.32","10.203.72.7","TLSv1.2","166","Application Data"
"2825","21.102957","59.78.173.32","10.203.72.7","TLSv1.2","84","Application Data"
"2826","21.103046","10.203.72.7","59.78.173.32","TCP","54","57277  >  443 [ACK] Seq=2156 Ack=157668 Win=125696 Len=0"
"2827","21.105484","59.78.173.32","10.203.72.7","TCP","1394","443  >  57277 [ACK] Seq=157668 Ack=2156 Win=73344 Len=1340 [TCP segment of a reassembled PDU]"
"2828","21.105579","10.203.72.7","59.78.173.32","TCP","54","57277  >  443 [ACK] Seq=2156 Ack=159008 Win=125952 Len=0"
"2829","21.105693","59.78.173.32","10.203.72.7","TCP","1394","443  >  57277 [ACK] Seq=159008 Ack=2156 Win=73344 Len=1340 [TCP segment of a reassembled PDU]"
"2830","21.108055","59.78.173.32","10.203.72.7","TCP","1394","443  >  57277 [ACK] Seq=160348 Ack=2156 Win=73344 Len=1340 [TCP segment of a reassembled PDU]"
"2831","21.108059","59.78.173.32","10.203.72.7","TCP","1394","443  >  57277 [ACK] Seq=161688 Ack=2156 Win=73344 Len=1340 [TCP segment of a reassembled PDU]"
"2832","21.108067","59.78.173.32","10.203.72.7","TLSv1.2","1005","Application Data, Application Data, Application Data"
"2833","21.108496","10.203.72.7","59.78.173.32","TCP","54","57277  >  443 [ACK] Seq=2156 Ack=163979 Win=125952 Len=0"
"2834","21.117239","10.203.72.7","59.78.173.32","TLSv1.2","183","Application Data"
"2835","21.119819","10.203.72.7","59.78.173.32","TLSv1.2","175","Application Data"
"2836","21.141054","59.78.173.32","10.203.72.7","TCP","60","443  >  57277 [ACK] Seq=163979 Ack=2285 Win=74368 Len=0"
"2837","21.141247","59.78.173.32","10.203.72.7","TCP","60","443  >  57277 [ACK] Seq=163979 Ack=2406 Win=74368 Len=0"
"2838","21.142121","59.78.173.32","10.203.72.7","TCP","1394","443  >  57277 [ACK] Seq=163979 Ack=2406 Win=74368 Len=1340 [TCP segment of a reassembled PDU]"
"2839","21.143683","59.78.173.32","10.203.72.7","TCP","1394","443  >  57277 [ACK] Seq=165319 Ack=2406 Win=74368 Len=1340 [TCP segment of a reassembled PDU]"
"2840","21.143685","59.78.173.32","10.203.72.7","TCP","1394","443  >  57277 [ACK] Seq=166659 Ack=2406 Win=74368 Len=1340 [TCP segment of a reassembled PDU]"
"2841","21.143760","10.203.72.7","59.78.173.32","TCP","54","57277  >  443 [ACK] Seq=2406 Ack=167999 Win=125952 Len=0"
"2842","21.146907","59.78.173.32","10.203.72.7","TCP","1394","443  >  57277 [ACK] Seq=167999 Ack=2406 Win=74368 Len=1340 [TCP segment of a reassembled PDU]"
"2843","21.146908","59.78.173.32","10.203.72.7","TCP","1394","443  >  57277 [ACK] Seq=169339 Ack=2406 Win=74368 Len=1340 [TCP segment of a reassembled PDU]"
"2844","21.146988","10.203.72.7","59.78.173.32","TCP","54","57277  >  443 [ACK] Seq=2406 Ack=170679 Win=125952 Len=0"
"2845","21.149017","59.78.173.32","10.203.72.7","TCP","1394","443  >  57277 [ACK] Seq=170679 Ack=2406 Win=74368 Len=1340 [TCP segment of a reassembled PDU]"
"2846","21.149018","59.78.173.32","10.203.72.7","TCP","1394","443  >  57277 [ACK] Seq=172019 Ack=2406 Win=74368 Len=1340 [TCP segment of a reassembled PDU]"
"2847","21.149019","59.78.173.32","10.203.72.7","TCP","1394","443  >  57277 [ACK] Seq=173359 Ack=2406 Win=74368 Len=1340 [TCP segment of a reassembled PDU]"
"2848","21.149090","10.203.72.7","59.78.173.32","TCP","54","57277  >  443 [ACK] Seq=2406 Ack=174699 Win=125952 Len=0"
"2849","21.152113","59.78.173.32","10.203.72.7","TLSv1.2","1394","Application Data, Application Data"
"2850","21.156291","59.78.173.32","10.203.72.7","TCP","1394","443  >  57277 [ACK] Seq=176039 Ack=2406 Win=74368 Len=1340 [TCP segment of a reassembled PDU]"
"2851","21.156409","10.203.72.7","59.78.173.32","TCP","54","57277  >  443 [ACK] Seq=2406 Ack=177379 Win=125952 Len=0"
"2852","21.159925","59.78.173.32","10.203.72.7","TLSv1.2","757","Application Data, Application Data"
"2855","21.172649","10.203.72.7","182.61.200.7","TLSv1.2","1016","Application Data"
"2856","21.180290","10.203.72.7","59.78.173.32","TLSv1.2","243","Application Data"
"2857","21.204100","59.78.173.32","10.203.72.7","TCP","60","443  >  57277 [ACK] Seq=178082 Ack=2595 Win=75456 Len=0"
"2858","21.206894","59.78.173.32","10.203.72.7","TCP","1394","443  >  57277 [ACK] Seq=178082 Ack=2595 Win=75456 Len=1340 [TCP segment of a reassembled PDU]"
"2859","21.206895","59.78.173.32","10.203.72.7","TLSv1.2","153","Application Data"
"2860","21.206981","10.203.72.7","59.78.173.32","TCP","54","57277  >  443 [ACK] Seq=2595 Ack=179521 Win=125952 Len=0"
"2862","21.227790","182.61.200.7","10.203.72.7","TCP","60","443  >  57274 [ACK] Seq=7059 Ack=2234 Win=34688 Len=0"
"2863","21.232035","182.61.200.7","10.203.72.7","TLSv1.2","407","Application Data"
"2864","21.252175","10.203.72.7","182.61.200.7","TLSv1.2","613","Application Data"
"2865","21.253946","10.203.72.7","182.61.200.7","TLSv1.2","731","Application Data"
"2866","21.295684","182.61.200.7","10.203.72.7","TCP","60","443  >  57274 [ACK] Seq=7412 Ack=2793 Win=36608 Len=0"
"2867","21.296310","182.61.200.7","10.203.72.7","TLSv1.2","737","Application Data"
"2868","21.297571","182.61.200.7","10.203.72.7","TCP","60","443  >  57266 [ACK] Seq=46713 Ack=3321 Win=37376 Len=0"
"2869","21.298486","182.61.200.7","10.203.72.7","TLSv1.2","1366","Application Data"
"2884","21.336727","10.203.72.7","182.61.200.7","TCP","54","57274  >  443 [ACK] Seq=2793 Ack=8095 Win=16384 Len=0"
"2885","21.337639","10.203.72.7","182.61.200.7","TCP","54","57266  >  443 [ACK] Seq=3321 Ack=48025 Win=17408 Len=0"
"2901","21.587920","182.61.200.7","10.203.72.7","TLSv1.2","1366","[TCP Spurious Retransmission] , Application Data"
"2902","21.587951","10.203.72.7","182.61.200.7","TCP","66","[TCP Dup ACK 2885#1] 57266  >  443 [ACK] Seq=3321 Ack=48025 Win=17408 Len=0 SLE=46713 SRE=48025"
"3500","33.231427","10.203.72.7","182.61.200.7","TCP","54","57276  >  443 [FIN, ACK] Seq=569 Ack=148 Win=17152 Len=0"
"3501","33.231575","10.203.72.7","182.61.200.7","TCP","54","57275  >  443 [FIN, ACK] Seq=569 Ack=148 Win=17152 Len=0"
"3508","33.543293","10.203.72.7","182.61.200.7","TCP","54","[TCP Retransmission] 57276  >  443 [FIN, ACK] Seq=569 Ack=148 Win=17152 Len=0"
"3509","33.543375","10.203.72.7","182.61.200.7","TCP","54","[TCP Retransmission] 57275  >  443 [FIN, ACK] Seq=569 Ack=148 Win=17152 Len=0"
"3515","33.689157","182.61.200.7","10.203.72.7","TCP","60","443  >  57276 [ACK] Seq=148 Ack=570 Win=30336 Len=0"
"3516","33.693146","182.61.200.7","10.203.72.7","TLSv1.2","85","Encrypted Alert"
"3517","33.693146","182.61.200.7","10.203.72.7","TCP","60","443  >  57276 [FIN, ACK] Seq=179 Ack=570 Win=30336 Len=0"
"3518","33.693200","10.203.72.7","182.61.200.7","TCP","54","57276  >  443 [RST, ACK] Seq=570 Ack=179 Win=0 Len=0"
"3519","33.694456","182.61.200.7","10.203.72.7","TCP","60","443  >  57275 [ACK] Seq=148 Ack=570 Win=30336 Len=0"
"3520","33.710831","182.61.200.7","10.203.72.7","TLSv1.2","85","Encrypted Alert"
"3521","33.710832","182.61.200.7","10.203.72.7","TCP","60","443  >  57275 [FIN, ACK] Seq=179 Ack=570 Win=30336 Len=0"
"3522","33.710887","10.203.72.7","182.61.200.7","TCP","54","57275  >  443 [RST, ACK] Seq=570 Ack=179 Win=0 Len=0"
"3526","33.792525","182.61.200.7","10.203.72.7","TCP","66","[TCP Dup ACK 3515#1] 443  >  57276 [ACK] Seq=180 Ack=570 Win=30336 Len=0 SLE=569 SRE=570"
"3527","33.792526","182.61.200.7","10.203.72.7","TCP","66","[TCP Dup ACK 3519#1] 443  >  57275 [ACK] Seq=180 Ack=570 Win=30336 Len=0 SLE=569 SRE=570"
"4658","41.200965","59.78.173.32","10.203.72.7","TLSv1.2","92","Application Data"
"4659","41.201232","10.203.72.7","59.78.173.32","TCP","54","57277  >  443 [FIN, ACK] Seq=2595 Ack=179559 Win=125696 Len=0"
"4660","41.201484","59.78.173.32","10.203.72.7","TLSv1.2","77","Encrypted Alert"
"4661","41.201508","10.203.72.7","59.78.173.32","TCP","54","57277  >  443 [RST, ACK] Seq=2596 Ack=179582 Win=0 Len=0"
"4662","41.202787","59.78.173.32","10.203.72.7","TCP","60","443  >  57277 [FIN, ACK] Seq=179582 Ack=2595 Win=75456 Len=0"
"5056","65.431729","10.203.72.7","182.61.200.7","TCP","55","[TCP Keep-Alive] 57267  >  443 [ACK] Seq=3546 Ack=62044 Win=16128 Len=1"
"5057","65.474665","182.61.200.7","10.203.72.7","TCP","66","[TCP Keep-Alive ACK] 443  >  57267 [ACK] Seq=62044 Ack=3547 Win=38144 Len=0 SLE=3546 SRE=3547"
"5060","66.296704","10.203.72.7","182.61.200.7","TCP","55","[TCP Keep-Alive] 57274  >  443 [ACK] Seq=2792 Ack=8095 Win=16384 Len=1"
"5061","66.297713","10.203.72.7","182.61.200.7","TCP","55","[TCP Keep-Alive] 57266  >  443 [ACK] Seq=3320 Ack=48025 Win=17408 Len=1"
"5062","66.335731","182.61.200.7","10.203.72.7","TCP","66","[TCP Keep-Alive ACK] 443  >  57274 [ACK] Seq=8095 Ack=2793 Win=36608 Len=0 SLE=2792 SRE=2793"
"5063","66.337512","182.61.200.7","10.203.72.7","TCP","66","[TCP Keep-Alive ACK] 443  >  57266 [ACK] Seq=48025 Ack=3321 Win=37376 Len=0 SLE=3320 SRE=3321"
"5111","72.348736","10.203.72.7","182.61.200.7","TCP","54","57267  >  443 [FIN, ACK] Seq=3547 Ack=62044 Win=16128 Len=0"
"5112","72.348832","10.203.72.7","182.61.200.7","TCP","54","57274  >  443 [FIN, ACK] Seq=2793 Ack=8095 Win=16384 Len=0"
"5113","72.348915","10.203.72.7","182.61.200.7","TCP","54","57266  >  443 [FIN, ACK] Seq=3321 Ack=48025 Win=17408 Len=0"
"5116","72.655047","10.203.72.7","182.61.200.7","TCP","54","[TCP Retransmission] 57274  >  443 [FIN, ACK] Seq=2793 Ack=8095 Win=16384 Len=0"
"5117","72.701880","10.203.72.7","182.61.200.7","TCP","54","[TCP Retransmission] 57266  >  443 [FIN, ACK] Seq=3321 Ack=48025 Win=17408 Len=0"
"5118","72.702033","10.203.72.7","182.61.200.7","TCP","54","[TCP Retransmission] 57267  >  443 [FIN, ACK] Seq=3547 Ack=62044 Win=16128 Len=0"
"5120","73.049082","182.61.200.7","10.203.72.7","TCP","60","443  >  57274 [ACK] Seq=8095 Ack=2794 Win=36608 Len=0"
"5121","73.065302","182.61.200.7","10.203.72.7","TCP","60","443  >  57267 [ACK] Seq=62044 Ack=3548 Win=38144 Len=0"
"5122","73.066145","182.61.200.7","10.203.72.7","TLSv1.2","85","Encrypted Alert"
"5123","73.066145","182.61.200.7","10.203.72.7","TCP","60","443  >  57267 [FIN, ACK] Seq=62075 Ack=3548 Win=38144 Len=0"
"5124","73.066220","10.203.72.7","182.61.200.7","TCP","54","57267  >  443 [RST, ACK] Seq=3548 Ack=62075 Win=0 Len=0"
"5125","73.066348","182.61.200.7","10.203.72.7","TCP","60","443  >  57266 [ACK] Seq=48025 Ack=3322 Win=37376 Len=0"
"5126","73.066775","182.61.200.7","10.203.72.7","TLSv1.2","85","Encrypted Alert"
"5127","73.066812","10.203.72.7","182.61.200.7","TCP","54","57266  >  443 [RST, ACK] Seq=3322 Ack=48056 Win=0 Len=0"
"5128","73.067770","182.61.200.7","10.203.72.7","TCP","60","443  >  57266 [FIN, ACK] Seq=48056 Ack=3322 Win=37376 Len=0"
"5129","73.067770","182.61.200.7","10.203.72.7","TLSv1.2","85","Encrypted Alert"
"5130","73.067846","10.203.72.7","182.61.200.7","TCP","54","57274  >  443 [RST, ACK] Seq=2794 Ack=8126 Win=0 Len=0"
"5131","73.069939","182.61.200.7","10.203.72.7","TCP","60","443  >  57274 [FIN, ACK] Seq=8126 Ack=2794 Win=36608 Len=0"
"5136","73.177476","182.61.200.7","10.203.72.7","TCP","60","[TCP Out-Of-Order] 443  >  57267 [FIN, ACK] Seq=62075 Ack=3548 Win=38144 Len=0"
"5138","73.198386","182.61.200.7","10.203.72.7","TCP","60","[TCP Retransmission] 443  >  57266 [FIN, ACK] Seq=48056 Ack=3322 Win=37376 Len=0"
