id, video name, video class, description
0,G_02391.mp4,4,一艘船轰炸海面
1,G_02391.mp4,4,战舰沉下海面
2,G_02391.mp4,4,战舰航行水面
3,G_02391.mp4,4,海面升起烟雾
4,G_02391.mp4,4,炮弹轰炸战舰
5,G_02391.mp4,4,战舰在水面上交战
0,G_02392.mp4,9,飞机翱翔天空
1,G_02392.mp4,9,飞机喷射烟雾
2,G_02392.mp4,9,飞机盘旋天空
3,G_02392.mp4,9,飞机在天上滚转表演
4,G_02392.mp4,9,飞机在天空中表演特技飞行
5,G_02392.mp4,9,飞机翻转飞行
0,G_02393.mp4,9,飞机喷射蛇形烟雾
1,G_02393.mp4,9,飞机翻转飞行
2,G_02393.mp4,9,飞机失速飞行
3,G_02393.mp4,9,飞机俯冲天空
4,G_02393.mp4,9,飞机在天上飞
5,G_02393.mp4,9,飞机喷出烟雾
0,G_02394.mp4,4,乘客面部流出血液
1,G_02394.mp4,4,机场氧气面罩落下
2,G_02394.mp4,4,乘客使用氧气面罩
3,G_02394.mp4,4,乘客用手机拍照
4,G_02394.mp4,4,乘客感到身体不适
5,G_02394.mp4,4,飞机出现事故
0,G_02395.mp4,1,飞机返航孟买
1,G_02395.mp4,1,男人对摄像机说话
2,G_02395.mp4,1,乘客坐在座位上
3,G_02395.mp4,1,乘客使用氧气面罩
4,G_02395.mp4,1,男人戴着帽子
5,G_02395.mp4,1,男人看着摄像机
0,G_02396.mp4,1,人们看着摄像机
1,G_02396.mp4,4,飞机在机场滑行
2,G_02396.mp4,1,人们相互交谈
3,G_02396.mp4,1,男人背上书包
4,G_02396.mp4,1,男人跟人打电话
5,G_02396.mp4,1,男人指着摄像机
0,G_02397.mp4,16,草莓装在盒子里
1,G_02397.mp4,16,草莓中插着一根针
2,G_02397.mp4,16,水果摆在货架上
3,G_02397.mp4,4,男孩往草莓里藏针
4,G_02397.mp4,16,货架上摆着很多盒子
5,G_02397.mp4,16,草莓放在货架里
0,G_02398.mp4,16,苹果放在桌子上
1,G_02398.mp4,16,苹果中插着一根针
2,G_02398.mp4,16,针插在苹果里面
3,G_02398.mp4,16,苹果被切开
4,G_02398.mp4,16,苹果里面插着针
5,G_02398.mp4,16,苹果上插着针
0,G_02399.mp4,4,草莓种在地上
1,G_02399.mp4,4,人们在田间走过
2,G_02399.mp4,4,人们搬着绿色箱子
3,G_02399.mp4,4,草莓被迫下架
4,G_02399.mp4,4,田地里种着植物
5,G_02399.mp4,4,人们倾倒草莓
0,G_02400.mp4,16,草莓装在盒子里
1,G_02400.mp4,16,草莓中插着一根针
2,G_02400.mp4,16,人手上拿着一根针
3,G_02400.mp4,16,针插在草莓里面
4,G_02400.mp4,16,草莓里面插着一根针
5,G_02400.mp4,16,草莓中有一根针
0,G_02401.mp4,16,人用胶带封上盒子
1,G_02401.mp4,16,草莓装在盒子里面
2,G_02401.mp4,16,盒装草莓摆在桌上
3,G_02401.mp4,16,一个人盖上草莓盖子
4,G_02401.mp4,16,有人用胶带贴上草莓盒子
5,G_02401.mp4,16,盒子里面装着草莓
0,G_02402.mp4,16,盘子中装着草莓
1,G_02402.mp4,16,女孩拿草莓吃
2,G_02402.mp4,14,一家人坐在沙发上
3,G_02402.mp4,16,草莓放在盒子里
4,G_02402.mp4,1,男孩吃着草莓
5,G_02402.mp4,1,一个人在吃草莓
0,G_02403.mp4,1,婴儿吃着草莓
1,G_02403.mp4,1,女人抱着孩子
2,G_02403.mp4,16,小孩在吃草莓
3,G_02403.mp4,14,妈妈抱着小孩
4,G_02403.mp4,16,小孩抓着草莓吃
5,G_02403.mp4,16,婴儿吃草莓
0,G_02404.mp4,4,飞机在天上飞
1,G_02404.mp4,4,飞机轰炸另一架飞机
2,G_02404.mp4,4,五架飞机相遇
3,G_02404.mp4,4,飞机在陆上飞行
4,G_02404.mp4,4,飞机飞越大海
5,G_02404.mp4,4,飞机被炮击
0,G_02405.mp4,4,飞机在天上飞
1,G_02405.mp4,4,六架飞机相遇
2,G_02405.mp4,4,两架飞机相撞
3,G_02405.mp4,9,飞机在天上飞
4,G_02405.mp4,4,飞机撞向另一架飞机
5,G_02405.mp4,9,飞机飞向天空
0,G_02406.mp4,1,人们排队通过闸机
1,G_02406.mp4,1,人们通过闸机
2,G_02406.mp4,1,一个女人在刷卡
3,G_02406.mp4,1,人们在排队
4,G_02406.mp4,1,人们在走路
5,G_02406.mp4,1,人们刷卡通过闸机
0,G_02407.mp4,12,男人点击电脑屏幕
1,G_02407.mp4,1,男人在电脑上填写自己的信息
2,G_02407.mp4,1,男人使用电脑
3,G_02407.mp4,1,一个男子在拍照
4,G_02407.mp4,1,一个人在使用电脑
5,G_02407.mp4,1,男人填写信息
0,G_02408.mp4,1,女人对着摄像头讲话
1,G_02408.mp4,12,一个人的手在录取指纹
2,G_02408.mp4,1,女人发表自己的意见
3,G_02408.mp4,1,女人对着话筒讲话
4,G_02408.mp4,1,女人在讲话
5,G_02408.mp4,1,一个人在录取指纹
0,G_02409.mp4,1,许多人正在排队
1,G_02409.mp4,1,人们正在排队
2,G_02409.mp4,1,人们排队填写信息
3,G_02409.mp4,1,人们在申请居住证
4,G_02409.mp4,1,人们在排队填写信息
5,G_02409.mp4,1,人们在排队
0,G_02410.mp4,4,屏幕中出现了气象分布图
1,G_02410.mp4,4,地图上部分地区下雨
2,G_02410.mp4,4,南方下雨北方天晴
3,G_02410.mp4,4,图上显示部分地区下雨
4,G_02410.mp4,4,部分地区会下雨
5,G_02410.mp4,4,地图显示到处下雨
0,G_02411.mp4,1,许多人在排队
1,G_02411.mp4,11,人们在旅行
2,G_02411.mp4,11,景区中有很多人
3,G_02411.mp4,11,女人解说景区情况
4,G_02411.mp4,1,女人对着镜头讲话
5,G_02411.mp4,11,许多人在景区中行走
0,G_02412.mp4,11,人们在景区中排队
1,G_02412.mp4,1,一个女人在照相
2,G_02412.mp4,11,许多人排队买票
3,G_02412.mp4,11,人们在景区中买票
4,G_02412.mp4,11,人们排队进入景区
5,G_02412.mp4,1,许多人在排队
0,G_02413.mp4,14,一家人坐在一起
1,G_02413.mp4,1,三个人在排山
2,G_02413.mp4,1,景区中有很多人
3,G_02413.mp4,11,景区中有杂技表演
4,G_02413.mp4,14,一家三口坐着看表演
5,G_02413.mp4,11,三个杂技演员在山上表演
0,G_02414.mp4,11,人们在景区中漂流
1,G_02414.mp4,11,许多人排队在买票
2,G_02414.mp4,11,人们排队进入景区
3,G_02414.mp4,1,许多人在售票处买票
4,G_02414.mp4,11,人们在景区中玩耍
5,G_02414.mp4,11,人们在景区互相戏水
0,G_02415.mp4,1,许多人在巷子中走
1,G_02415.mp4,11,人们在观赏景区的风景
2,G_02415.mp4,11,人们在景区中玩耍
3,G_02415.mp4,11,人们在景区中照相
4,G_02415.mp4,11,导游带着游客们参观景区
5,G_02415.mp4,11,游客们在景区中嬉戏
0,G_02416.mp4,11,人们在海边玩耍
1,G_02416.mp4,11,人们在观赏佛像
2,G_02416.mp4,11,许多人在拜佛
3,G_02416.mp4,11,人们开船冲浪
4,G_02416.mp4,11,穿着救生衣的人在海上开船
5,G_02416.mp4,11,小女孩在海边玩沙子
0,G_02417.mp4,1,人们对着镜头招手
1,G_02417.mp4,11,船航行在水面上
2,G_02417.mp4,1,人们穿着救生衣坐在船上
3,G_02417.mp4,11,人们在景区中坐着船观赏风景
4,G_02417.mp4,11,许多人坐着船游览景区
5,G_02417.mp4,11,船在水面上行驶
0,G_02418.mp4,1,人们互相泼水玩耍
1,G_02418.mp4,1,景区中的瀑布在流淌
2,G_02418.mp4,4,景区门票即将降价
3,G_02418.mp4,4,发改委发布降价通知
4,G_02418.mp4,4,人们召开新闻发布会
5,G_02418.mp4,11,景区门票降价
0,G_02419.mp4,11,人们在景区中爬楼梯
1,G_02419.mp4,11,女孩们爬上楼梯
2,G_02419.mp4,4,男人在念新闻稿
3,G_02419.mp4,1,许多人坐在座位上
4,G_02419.mp4,4,一个人在说明景区门票降价通知
5,G_02419.mp4,1,女人在纸上记录发言人的讲话
0,G_02420.mp4,14,一家人在景区游玩
1,G_02420.mp4,11,景区中许多人在行走
2,G_02420.mp4,11,导游带着游客们参观景区
3,G_02420.mp4,11,人们跟着导游参观景区
4,G_02420.mp4,14,一家人跟着导游参观景区
5,G_02420.mp4,1,人们在路上走
0,G_02421.mp4,11,人们跟着导游参观景区
1,G_02421.mp4,1,景区中许多人在行走
2,G_02421.mp4,11,许多人跟着导游参观景区
3,G_02421.mp4,1,人们在相互交谈
4,G_02421.mp4,1,一个男人向另一个人招手
5,G_02421.mp4,11,景区中很多人在参观景区
0,G_02422.mp4,11,女人在景区拍摄
1,G_02422.mp4,11,屏幕中显示了票价
2,G_02422.mp4,11,许多人在景区中游玩
3,G_02422.mp4,11,景区捆绑销售服务
4,G_02422.mp4,11,景区依赖门票经济
5,G_02422.mp4,11,一个女人在照相
0,G_02423.mp4,14,一家人坐在台阶上交谈
1,G_02423.mp4,11,人们在景区中拍照
2,G_02423.mp4,1,三个杂技演员在山上表演
3,G_02423.mp4,1,许多人在下楼梯
4,G_02423.mp4,11,人们拍摄景区风景
5,G_02423.mp4,11,许多人在看杂技表演
0,G_02424.mp4,18,月亮倒映在水面上
1,G_02424.mp4,18,月亮被云遮住了
2,G_02424.mp4,18,月光照在上海上空
3,G_02424.mp4,18,一轮圆月照着上海
4,G_02424.mp4,18,月光照射海面
5,G_02424.mp4,18,一轮圆月在空中
0,G_02425.mp4,14,人们在天安门广场上拍照留念
1,G_02425.mp4,4,花篮显示祝福祖国的信息
2,G_02425.mp4,4,巨型花篮摆在天安门广场上
3,G_02425.mp4,1,人们在天安门广场上看风景
4,G_02425.mp4,1,许多人在天安门广场旅游
5,G_02425.mp4,4,花篮中装着许多花
0,G_02426.mp4,1,许多人在广场上拍照
1,G_02426.mp4,11,人们用摄像机留念
2,G_02426.mp4,1,一个女人用手机自拍
3,G_02426.mp4,1,一个男人在给另一个男人拍照
4,G_02426.mp4,11,人们在广场上拍照
5,G_02426.mp4,11,许多人在广场上游玩
0,G_02427.mp4,1,人们对着花篮拍照留念
1,G_02427.mp4,1,一个女人在给另外两个女人拍照
2,G_02427.mp4,1,人们在互相拍照
3,G_02427.mp4,11,人们在广场上拍照留念
4,G_02427.mp4,11,花篮中装着许多花
5,G_02427.mp4,11,天安门广场上放着一个巨型花篮
0,G_02428.mp4,4,俄国男子被捕
1,G_02428.mp4,4,男子被拘留接收调查
2,G_02428.mp4,1,俄罗斯男子被捕
3,G_02428.mp4,4,俄男子涉嫌间谍行为被捕
4,G_02428.mp4,4,挪威逮捕俄国男子
5,G_02428.mp4,4,俄国间谍被捕
0,G_02429.mp4,9,飞机在天上飞
1,G_02429.mp4,1,女人播报新闻
2,G_02429.mp4,4,俄国飞机被击中
3,G_02429.mp4,4,女人解说政治新闻
4,G_02429.mp4,4,俄国军机被击落
5,G_02429.mp4,9,俄军机遭轰击
0,G_02430.mp4,4,飞机被炮击
1,G_02430.mp4,4,飞机在天上飞
2,G_02430.mp4,4,六架飞机相遇
3,G_02430.mp4,4,两架飞机相撞
4,G_02430.mp4,9,飞机在天上飞
5,G_02430.mp4,4,飞机撞向另一架飞机
0,G_02431.mp4,9,飞机飞向天空
1,G_02431.mp4,4,俄国飞机被击中
2,G_02431.mp4,4,有人在炮击飞机
3,G_02431.mp4,4,飞机遭到炮击
4,G_02431.mp4,4,炮弹轰击产生烟雾
5,G_02431.mp4,4,飞机遭到轰击
0,G_02432.mp4,1,男人举着板子
1,G_02432.mp4,0,音乐播放思乡音乐
2,G_02432.mp4,1,人们举着带有对家人四年的纸板
3,G_02432.mp4,14,人们表达对家人的思念
4,G_02432.mp4,1,男人举着纸板
5,G_02432.mp4,14,人们思念故乡
0,G_02433.mp4,1,男人举着板子
1,G_02433.mp4,0,音乐播放思乡音乐
2,G_02433.mp4,1,人们举着带有对家人四年的纸板
3,G_02433.mp4,14,人们表达对家人的思念
4,G_02433.mp4,1,男人举着纸板
5,G_02433.mp4,14,人们思念故乡
0,G_02434.mp4,1,男人举着板子
1,G_02434.mp4,0,音乐播放思乡音乐
2,G_02434.mp4,1,人们举着带有对家人四年的纸板
3,G_02434.mp4,14,人们表达对家人的思念
4,G_02434.mp4,1,女孩举着纸板
5,G_02434.mp4,14,人们思念故乡
0,G_02435.mp4,1,男人接收采访
1,G_02435.mp4,14,人们思念家乡
2,G_02435.mp4,14,人们表达对家人的思念
3,G_02435.mp4,1,女孩诉说对家人的思念
4,G_02435.mp4,1,男人表达对父亲的怀念
5,G_02435.mp4,1,女孩对着镜头说话
0,G_02436.mp4,1,男人表达对父亲的怀念
1,G_02436.mp4,1,男人接收采访
2,G_02436.mp4,1,男人对着镜头接收采访
3,G_02436.mp4,1,男人对着镜头说话
4,G_02436.mp4,14,男人思念家乡
5,G_02436.mp4,14,中年男子思念父亲
0,G_02437.mp4,1,人们排队等飞机
1,G_02437.mp4,1,许多人在排队
2,G_02437.mp4,1,人们在机场上排队
3,G_02437.mp4,1,许多人在机场排队等飞机
4,G_02437.mp4,1,人们在排队
5,G_02437.mp4,1,人们拎着行李排队
0,G_02438.mp4,9,飞机飞上天空
1,G_02438.mp4,1,人们排队登机
2,G_02438.mp4,1,许多人在排队过安检
3,G_02438.mp4,1,许多人在排队
4,G_02438.mp4,1,人们在排队上飞机
5,G_02438.mp4,9,飞机在停机坪上滑行
0,G_02439.mp4,1,许多人在排队过安检
1,G_02439.mp4,1,许多人在排队
2,G_02439.mp4,1,人们拎着行李排队
3,G_02439.mp4,1,人们在机场坐着休息
4,G_02439.mp4,1,人们在机场等飞机
5,G_02439.mp4,1,许多人在排队过安检
0,G_02440.mp4,16,月饼放在桌上
1,G_02440.mp4,16,高校推出特色月饼
2,G_02440.mp4,16,各大高校推出特色月饼
3,G_02440.mp4,16,四个半块月饼放在桌上
4,G_02440.mp4,16,月饼被切开
5,G_02440.mp4,16,高校推出特色月饼
0,G_02441.mp4,1,人们在舞狮
1,G_02441.mp4,1,阳澄湖畔的村民在庆祝中秋
2,G_02441.mp4,16,许多庆祝中秋的食物摆在桌上
3,G_02441.mp4,16,记者介绍当地美食
4,G_02441.mp4,16,记者介绍阳澄湖特产
5,G_02441.mp4,16,许多食物摆在桌上
0,G_02442.mp4,11,记者拍摄了多角度的观潮景象
1,G_02442.mp4,18,潮水涌上岸边
2,G_02442.mp4,18,潮水拍打岸边台阶
3,G_02442.mp4,1,记者拍摄潮水景象
4,G_02442.mp4,18,中秋潮水涨潮
5,G_02442.mp4,18,潮水拍击岸边
0,G_02443.mp4,18,潮水拍击岸边
1,G_02443.mp4,1,人们在岸边观潮
2,G_02443.mp4,18,潮水涌上岸边
3,G_02443.mp4,11,许多人在岸上观潮
4,G_02443.mp4,1,人们在江边观潮
5,G_02443.mp4,1,人们拍摄观潮景象
0,G_02444.mp4,14,人们在敲锣打鼓
1,G_02444.mp4,14,小男孩在击镲
2,G_02444.mp4,1,人们在表演传统乐器
3,G_02444.mp4,1,男人在击鼓
4,G_02444.mp4,1,许多人在演奏民族乐器
5,G_02444.mp4,1,人们表演乐器欢迎中秋
0,G_02445.mp4,18,灯光表演吸引游客
1,G_02445.mp4,1,人们在舞狮
2,G_02445.mp4,1,舞狮队伍走过街上
3,G_02445.mp4,1,人们舞狮喜庆中秋
4,G_02445.mp4,18,炫彩灯光吸引游客来旅游
5,G_02445.mp4,1,一个人在船上看灯光表演
0,G_02446.mp4,18,摄像机拍摄灯光秀
1,G_02446.mp4,18,灯光表演吸引游客
2,G_02446.mp4,18,灯光展示了中秋故事
3,G_02446.mp4,18,炫彩灯光吸引游客来旅游
4,G_02446.mp4,18,莲花花灯绚丽多彩
5,G_02446.mp4,18,人型花灯介绍了中秋故事
0,G_02447.mp4,18,明月在云中穿行
1,G_02447.mp4,18,人们在长廊上观赏美景
2,G_02447.mp4,18,月亮被云遮住了
3,G_02447.mp4,18,人们在岸边听海浪看月亮
4,G_02447.mp4,18,一轮圆月悬挂在天空上
5,G_02447.mp4,1,人们在赏月
0,G_02448.mp4,18,月光洒在江面上
1,G_02448.mp4,18,月光与灯光交相辉映
2,G_02448.mp4,18,一轮圆月悬挂在天空上
3,G_02448.mp4,18,月亮被云遮住了
4,G_02448.mp4,1,人们在赏月
5,G_02448.mp4,18,月亮播撒月光
0,G_02449.mp4,18,荔枝树上挂着红灯笼
1,G_02449.mp4,1,一个厨师在做月饼
2,G_02449.mp4,11,小摊上挂着彩色的纸
3,G_02449.mp4,1,记者采访厨师
4,G_02449.mp4,1,两个人在唱粤剧
5,G_02449.mp4,1,人们在广场上看表演
0,G_02450.mp4,16,锅里摆着许多食物
1,G_02450.mp4,1,人们用蒸锅蒸五谷杂粮
2,G_02450.mp4,1,一个人用手摆弄食物
3,G_02450.mp4,16,许多五谷杂粮放在锅里
4,G_02450.mp4,16,人们用食物祈祷来年五谷丰登
5,G_02450.mp4,16,锅里放着很多五谷杂粮
0,G_02451.mp4,16,桌上摆着很多食物
1,G_02451.mp4,16,桌上摆着一个庆祝节日的蛋糕
2,G_02451.mp4,16,桌上放着五谷杂粮和蛋糕
3,G_02451.mp4,16,人们用食物庆祝中秋
4,G_02451.mp4,16,桌上放着一个三层蛋糕
5,G_02451.mp4,16,桌上摆着很多食物
0,G_02452.mp4,11,游客们在豫园中游玩
1,G_02452.mp4,13,锦鲤在池塘中畅游
2,G_02452.mp4,1,许多人在回廊上游玩
3,G_02452.mp4,11,游客们来豫园旅游
4,G_02452.mp4,13,锦鲤在水中嬉戏
5,G_02452.mp4,1,人们在走廊上拍照
0,G_02453.mp4,1,人们在舞狮
1,G_02453.mp4,11,人们围着宝塔舞狮庆祝中秋
2,G_02453.mp4,18,宝塔中燃烧着巨大火焰
3,G_02453.mp4,1,人们烧宝塔贺中秋
4,G_02453.mp4,1,人们在宝塔旁舞狮
5,G_02453.mp4,1,两队人围着宝塔舞狮
0,G_02454.mp4,1,人们在放烟花
1,G_02454.mp4,1,人们烧宝塔贺中秋
2,G_02454.mp4,1,人们在宝塔旁舞狮
3,G_02454.mp4,18,宝塔中燃烧着巨大火焰
4,G_02454.mp4,11,人们围着宝塔舞狮庆祝中秋
5,G_02454.mp4,1,人们放烟花爆竹贺中秋
0,G_02455.mp4,1,人们在拜月贺中秋
1,G_02455.mp4,1,人们在广场上吃月饼看表演
2,G_02455.mp4,1,许多人在举行迎接中秋的活动
3,G_02455.mp4,18,宝塔中燃烧着巨大火焰
4,G_02455.mp4,1,人们烧宝塔贺中秋
5,G_02455.mp4,1,人们在看民俗表演
0,G_02456.mp4,14,一对夫妻在吃月饼
1,G_02456.mp4,14,孩子们穿着表演服演奏乐器
2,G_02456.mp4,1,许多人在表演民俗乐器
3,G_02456.mp4,1,两个人在吃东西
4,G_02456.mp4,14,孩子们手中拿着乐器
5,G_02456.mp4,1,一群人在准备表演
0,G_02457.mp4,0,背景音乐播放着中秋歌曲
1,G_02457.mp4,1,主持人朗诵诗歌
2,G_02457.mp4,18,树林中立着一个石像
3,G_02457.mp4,18,一个诗人雕像出现在镜头中
4,G_02457.mp4,1,女人朗诵中秋节诗句
5,G_02457.mp4,18,镜头中出现一个石像
0,G_02458.mp4,0,背景播放动人音乐
1,G_02458.mp4,18,镜头在拍摄诗人故居
2,G_02458.mp4,13,锦鲤在水中畅游
3,G_02458.mp4,18,记者到故居追忆苏轼
4,G_02458.mp4,18,摄像机拍摄诗人故居
5,G_02458.mp4,11,记者参观诗人故居
0,G_02459.mp4,11,记者参观诗人故居
1,G_02459.mp4,11,记者拍摄三苏祠
2,G_02459.mp4,18,摄像机拍摄诗人故居
3,G_02459.mp4,0,背景播放动人音乐
4,G_02459.mp4,18,记者到故居追忆苏轼
5,G_02459.mp4,18,镜头在拍摄诗人故居
0,G_02460.mp4,1,主持人解说晚间表演安排
1,G_02460.mp4,0,背景播放动人音乐
2,G_02460.mp4,18,镜头在拍摄诗人故居
3,G_02460.mp4,11,记者参观诗人故居
4,G_02460.mp4,11,许多人在诗人故居参观
5,G_02460.mp4,1,人们在等待晚上的表演
0,G_02461.mp4,1,人们在黄河楼赏月
1,G_02461.mp4,1,许多人相继进入广场
2,G_02461.mp4,0,背景播放动人音乐
3,G_02461.mp4,18,镜头拍摄黄河和黄河楼
4,G_02461.mp4,1,记者解说人们到黄河楼团圆
5,G_02461.mp4,1,人们来到黄河楼贺中秋
0,G_02462.mp4,0,背景播放动人音乐
1,G_02462.mp4,18,镜头拍摄北京坊
2,G_02462.mp4,1,记者解说北京坊历史背景
3,G_02462.mp4,1,记者解说北京坊建筑风格
4,G_02462.mp4,1,人们来到北京坊贺中秋
5,G_02462.mp4,1,记者说今晚将会有灯光秀
0,G_02463.mp4,18,镜头拍摄千山风景区
1,G_02463.mp4,0,背景播放动人音乐
2,G_02463.mp4,18,记者解说千山景色
3,G_02463.mp4,18,镜头拍摄千山的风景和楼
4,G_02463.mp4,1,记者介绍千山的美景
5,G_02463.mp4,1,主持人为大家介绍千山
0,G_02464.mp4,14,父亲帮男孩捉了一只蝉
1,G_02464.mp4,13,桌上有一只蝉
2,G_02464.mp4,13,父子们在夏天捉蝉
3,G_02464.mp4,14,男孩很高兴父亲帮他捉蝉
4,G_02464.mp4,1,男孩对着摄像机讲话
5,G_02464.mp4,14,男孩很开心
0,G_02465.mp4,14,小女孩说着自己的生活
1,G_02465.mp4,18,雨水拍打着窗沿
2,G_02465.mp4,18,天上下起了暴雨
3,G_02465.mp4,14,女孩当着弟弟的面被骂了觉得丢脸
4,G_02465.mp4,14,女孩说自己丢脸的事
5,G_02465.mp4,1,女孩对着镜头说话
0,G_02466.mp4,14,女孩说着妈妈对自己唠叨
1,G_02466.mp4,1,女孩对着镜头说话
2,G_02466.mp4,14,小女孩说着自己的生活
3,G_02466.mp4,14,两个女孩说自己对妈妈的看法
4,G_02466.mp4,14,女孩们说妈妈总是唠叨自己
5,G_02466.mp4,14,两个女孩说自己妈妈的事
0,G_02467.mp4,18,江水拍打着岸边
1,G_02467.mp4,14,两个双胞胎对着镜头说话
2,G_02467.mp4,14,两个女孩很高兴救了小鱼
3,G_02467.mp4,14,小女孩说着自己的生活
4,G_02467.mp4,14,女孩们救了小鱼
5,G_02467.mp4,14,女孩们感到很开心
0,G_02468.mp4,18,天上飘着灰色的乌云
1,G_02468.mp4,14,男孩对着摄像机讲话
2,G_02468.mp4,14,男孩的爸爸打了男孩
3,G_02468.mp4,14,男孩对着镜头说自己的日常生活
4,G_02468.mp4,14,男孩因为玩游戏被爸爸打了
5,G_02468.mp4,14,男孩说着自己不高兴的事
0,G_02469.mp4,14,男孩介绍自己的父亲
1,G_02469.mp4,14,男孩跟采访者对话
2,G_02469.mp4,14,男孩在纸上写了自己和爸爸的名字
3,G_02469.mp4,14,记者问男孩问题
4,G_02469.mp4,14,男孩对父亲表达不满
5,G_02469.mp4,14,记者向男孩提问
0,G_02470.mp4,14,男孩对镜头做鬼脸
1,G_02470.mp4,14,男孩解释原因
2,G_02470.mp4,14,男孩说明纸上内容的原因
3,G_02470.mp4,14,男孩对镜头做了一个鬼脸
4,G_02470.mp4,14,男孩说明他和父亲的比赛
5,G_02470.mp4,14,男孩解释自己和父亲的比赛
0,G_02471.mp4,1,老师接收采访
1,G_02471.mp4,14,孩子们在读书
2,G_02471.mp4,14,几个孩子举着课本在读书
3,G_02471.mp4,1,老师解释挑战结果
4,G_02471.mp4,1,老师说挑战只有双胞胎成功
5,G_02471.mp4,14,孩子们在课堂上读书
0,G_02472.mp4,1,老师解释家长生气原因
1,G_02472.mp4,14,孩子们在读书
2,G_02472.mp4,14,几个孩子举着课本在读书
3,G_02472.mp4,14,孩子们在课堂上读书
4,G_02472.mp4,1,老师说明家长生气的原因
5,G_02472.mp4,1,老师接收采访
0,G_02473.mp4,14,镜头拍摄家庭们的照片
1,G_02473.mp4,1,老师说明家长生气的原因
2,G_02473.mp4,14,一个孩子在纸上写字
3,G_02473.mp4,1,老师说家长和孩子生气的程度
4,G_02473.mp4,14,镜头拍摄了几张照片
5,G_02473.mp4,1,有人分析生气程度
0,G_02474.mp4,1,一个人用月饼喂大熊猫
1,G_02474.mp4,13,两只大熊猫抢月饼
2,G_02474.mp4,13,有人用鱼竿喂月饼给熊猫
3,G_02474.mp4,13,熊猫在园区里吃月饼
4,G_02474.mp4,13,两只熊猫争抢月饼
5,G_02474.mp4,13,有人用月饼喂熊猫
0,G_02475.mp4,1,家长分析自身生气原因
1,G_02475.mp4,14,一个男孩在桌上写字
2,G_02475.mp4,1,家长接受采访
3,G_02475.mp4,14,男孩抓着笔在桌上写字
4,G_02475.mp4,1,家长分析自己的心路历程
5,G_02475.mp4,1,家长反思自己生气的原因
0,G_02476.mp4,14,家长带孩子读书
1,G_02476.mp4,0,背景播放钢琴曲
2,G_02476.mp4,14,孩子跟家长一起接受采访
3,G_02476.mp4,14,家长诉说自己的内心感受
4,G_02476.mp4,14,妈妈带着男孩读书
5,G_02476.mp4,14,男孩跟母亲一起接受采访
0,G_02477.mp4,14,一群孩子们在比赛
1,G_02477.mp4,14,孩子们在操场上玩
2,G_02477.mp4,14,一群小孩在操场上玩
3,G_02477.mp4,14,几个孩子在操场上蹦蹦跳跳
4,G_02477.mp4,14,女孩在玩一个球
5,G_02477.mp4,14,孩子们在操场上玩耍
0,G_02478.mp4,1,老师分析挑战结果
1,G_02478.mp4,14,孩子们在操场上做仰卧起坐
2,G_02478.mp4,14,孩子们组队在做运动
3,G_02478.mp4,14,孩子们在操场上运动
4,G_02478.mp4,14,小学生们在上体育课
5,G_02478.mp4,1,老师接受镜头采访
0,G_02479.mp4,14,小学生们在课堂上上课
1,G_02479.mp4,14,几个孩子在课桌上写字
2,G_02479.mp4,14,一个女孩在课桌上写字
3,G_02479.mp4,14,孩子们在上课
4,G_02479.mp4,14,一群小学生们在上课
5,G_02479.mp4,14,学生们坐在桌前听课
0,G_02480.mp4,12,飞行器降落月球
1,G_02480.mp4,12,飞行器到达月球表面
2,G_02480.mp4,12,宇航员们在月球上行走
3,G_02480.mp4,12,宇航员探索月球
4,G_02480.mp4,12,人类探索月球
5,G_02480.mp4,12,航天员到达月球
0,G_02481.mp4,4,飞机被炮击
1,G_02481.mp4,4,飞机在天上飞
2,G_02481.mp4,4,六架飞机相遇
3,G_02481.mp4,4,两架飞机相撞
4,G_02481.mp4,9,飞机在天上飞
5,G_02481.mp4,4,飞机撞向另一架飞机
0,G_02482.mp4,4,飞机对基地进行空袭
1,G_02482.mp4,4,战机在机场滑行
2,G_02482.mp4,4,以色列对基地进行空袭
3,G_02482.mp4,9,飞机在倒入停机坪
4,G_02482.mp4,1,一个人在指挥飞机停机
5,G_02482.mp4,4,飞机对基地设施进行炮击
0,G_02483.mp4,4,飞机被炮击
1,G_02483.mp4,4,飞机在天上飞
2,G_02483.mp4,4,炮击产生了很多烟雾
3,G_02483.mp4,4,飞机被导弹击中
4,G_02483.mp4,4,记者解说空袭过程
5,G_02483.mp4,4,炮弹击中飞机
0,G_02484.mp4,4,战机在机场滑行
1,G_02484.mp4,1,士兵在机场警戒
2,G_02484.mp4,9,机场中停着很多飞机
3,G_02484.mp4,1,一个士兵拿着枪在巡逻
4,G_02484.mp4,9,飞机准备进入停机坪
5,G_02484.mp4,4,很多战机停在停机坪
0,G_02485.mp4,4,飞机轰炸另一架飞机
1,G_02485.mp4,4,五架飞机相遇
2,G_02485.mp4,4,飞机在陆上飞行
3,G_02485.mp4,4,飞机飞越大海
4,G_02485.mp4,4,飞机被炮击
5,G_02485.mp4,4,记者说明飞机被炮击原因
0,G_02486.mp4,4,飞机被炮击
1,G_02486.mp4,4,飞机在天上飞
2,G_02486.mp4,4,六架飞机相遇
3,G_02486.mp4,4,两架飞机相撞
4,G_02486.mp4,9,飞机在天上飞
5,G_02486.mp4,4,飞机撞向另一架飞机
0,G_02487.mp4,9,高铁停在轨道上
1,G_02487.mp4,1,女人接受采访
2,G_02487.mp4,1,女人说明自己坐高铁的原因
3,G_02487.mp4,1,许多人正准备上高铁
4,G_02487.mp4,1,一个女人准备体验高铁线路
5,G_02487.mp4,1,许多人准备坐高铁
0,G_02488.mp4,1,许多人坐电梯下楼
1,G_02488.mp4,12,大屏幕播放售票情况
2,G_02488.mp4,1,一个人在介绍高铁售票情况
3,G_02488.mp4,1,人们准备登上高铁
4,G_02488.mp4,1,许多人在站台上行走
5,G_02488.mp4,12,高铁售票情况很好
0,G_02489.mp4,1,一个商务人员过了安检
1,G_02489.mp4,12,一个人用科技手段进入安检
2,G_02489.mp4,1,男人介绍两口岸区分界线
3,G_02489.mp4,1,一个男人跨越了两个地区的口岸区
4,G_02489.mp4,1,人们陆陆续续的穿越了口岸区分界线
5,G_02489.mp4,1,男人介绍口岸区分界线
0,G_02490.mp4,1,人们排队准备过人工查验通道
1,G_02490.mp4,1,许多人走过了人工通道
2,G_02490.mp4,1,人们陆陆续续的穿越了口岸区分界线
3,G_02490.mp4,1,许多人在排队等待过安检
4,G_02490.mp4,1,通道将乘客分流
5,G_02490.mp4,1,人们在排队过通道
0,G_02591.mp4,4,一个人在买票
1,G_02591.mp5,4,一个人正在买票
2,G_02591.mp6,4,一个人在买票
3,G_02591.mp7,4,一个人在等待买票
4,G_02591.mp8,4,一个准备买票
5,G_02591.mp9,4,一个人在买票
0,G_02592.mp4,4,一个人在摆弄手机
1,G_02592.mp5,4,背着包的人在填表
2,G_02592.mp6,4,一个人用手指着手机跟另一个人说话
3,G_02592.mp7,4,两个人看着手机
4,G_02592.mp8,4,一个人举着手机
5,G_02592.mp9,4,一个人拿着手机
0,G_02593.mp4,4,一个新闻页面
1,G_02593.mp5,4,一张印着新闻的纸
2,G_02593.mp6,4,一张打印的新闻纸
3,G_02593.mp7,4,一张黑白打印的纸
4,G_02593.mp8,4,一张打印的新闻截图
5,G_02593.mp9,4,黑白打印的新闻页面
0,G_02594.mp4,4,许多警察搜查
1,G_02594.mp5,4,很多警察出警
2,G_02594.mp6,4,警察搜查银行
3,G_02594.mp7,4,很多警察上了警车
4,G_02594.mp8,4,许多警察出警搜查
5,G_02594.mp9,4,警察快速乘上警车
0,G_02595.mp4,4,警察查封饭店
1,G_02595.mp5,4,一个人在门上贴纸
2,G_02595.mp6,4,一个人在冰柜上贴纸
3,G_02595.mp7,4,警察贴了一张纸在门上
4,G_02595.mp8,4,警察正在执法查封饭店
5,G_02595.mp9,4,警察贴封条在门上
0,G_02596.mp4,4,一个人在宣读判决
1,G_02596.mp5,4,法官宣读判决书
2,G_02596.mp6,4,一个人举着纸宣读
3,G_02596.mp7,4,法官坐着宣读判决
4,G_02596.mp8,4,一个人看着屏幕宣读判决
5,G_02596.mp9,4,法官宣读判决
0,G_02597.mp4,4,一个人边低头边说话
1,G_02597.mp5,4,一个人在读纸上的内容
2,G_02597.mp6,3,一个人在说话
3,G_02597.mp7,4,一个人端坐着讲话
4,G_02597.mp8,3,一个人坐着念纸上的内容
5,G_02597.mp9,4,一个戴眼镜的人读纸上的内容
0,G_02598.mp4,1,很多人在开会
1,G_02598.mp5,1,很多人在拍照记录
2,G_02598.mp6,1,许多人在一起开会
3,G_02598.mp7,1,人们坐着开会
4,G_02598.mp8,1,很多人在纸上写内容
5,G_02598.mp9,1,许多人开会
0,G_02599.mp4,1,一些人举着手机拍照
1,G_02599.mp5,1,一个人在台上报告，许多人在下面聆听
2,G_02599.mp6,1,很多人参加发布会
3,G_02599.mp7,1,台上有人演讲，下面许多人听报告
4,G_02599.mp8,1,很多人正在发布会现场
5,G_02599.mp9,1,人们听发布会
0,G_02600.mp4,12,很多人在观看演示
1,G_02600.mp5,12,许多人在一起看科技演示
2,G_02600.mp6,12,很多人看演示，一个白色高速路模型，然后一个红色自动小车移动
3,G_02600.mp7,12,人们观看科技展览
4,G_02600.mp8,12,很多人看演示，一个白色城市模型，然后一个红色自动小车移动
5,G_02600.mp9,12,很多人观看智能技术演示
0,G_02601.mp4,14,很多黄色衣服的小孩坐着吃饭
1,G_02601.mp4,14,黄色衣服的小朋友们坐着吃饭
2,G_02601.mp4,16,白色衣服的人在发饭，黄色衣服孩子们吃饭
3,G_02601.mp4,14,白色衣服的人递饭给孩子，黄色衣服的孩子们吃饭
4,G_02601.mp4,14,穿着黄色衣服的孩子们吃饭
5,G_02601.mp4,16,穿着黄色衣服的孩子们坐着吃饭
0,G_02602.mp4,17,两个人在做饭
1,G_02602.mp4,17,厨师拿着炒勺搅动锅里的食物
2,G_02602.mp4,17,人们正在炒菜
3,G_02602.mp4,17,白色衣服的人正在做饭
4,G_02602.mp4,17,两个白色衣服的人正在做饭
5,G_02602.mp4,17,人们正在做饭
0,G_02603.mp4,17,白色衣服的人正在切菜
1,G_02603.mp4,17,人们正在切菜洗菜切肉
2,G_02603.mp4,17,白色衣服的厨师在准备食材
3,G_02603.mp4,17,人们在切菜准备做饭
4,G_02603.mp4,17,白色衣服的人们正在切菜
5,G_02603.mp4,17,人们正在准备食材
0,G_02604.mp4,4,一个人正在讲话
1,G_02604.mp4,4,一个穿着黑色西装的人坐着演讲
2,G_02604.mp4,4,一个人穿着西装的人在演讲
3,G_02604.mp4,4,一个人坐着演讲
4,G_02604.mp4,4,一个人坐在桌子后面讲话
5,G_02604.mp4,4,穿着黑色西装的人在讲话
0,G_02605.mp4,1,车来车往
1,G_02605.mp4,1,许多汽车开过
2,G_02605.mp4,1,车辆驶过
3,G_02605.mp4,1,来来回回的汽车开过来开过去
4,G_02605.mp4,1,汽车开过去
5,G_02605.mp4,1,许多汽车来来往往
0,G_02606.mp4,4,一个人拿着零件走过
1,G_02606.mp4,4,一个男子在摆弄零件
2,G_02606.mp4,4,一个人在工作
3,G_02606.mp4,4,一个男人在修理东西
4,G_02606.mp4,4,一个人拿着零件走动
5,G_02606.mp4,4,一个人在工厂工作
0,G_02607.mp4,4,一个穿着黑色衣服戴着白色帽子的人在讲话
1,G_02607.mp4,4,一个黑色衣服白色帽子的人在说话
2,G_02607.mp4,4,黑色衣服的人在说话
3,G_02607.mp4,4,一个人在演讲
4,G_02607.mp4,4,一个人坐着说话
5,G_02607.mp4,4,一个黑色衣服白色帽子人在说话
0,G_02608.mp4,4,一个女人坐着讲话
1,G_02608.mp4,4,一个女人对着镜头说话
2,G_02608.mp4,4,女人坐着面向镜头说话
3,G_02608.mp4,4,女人对着话筒讲话
4,G_02608.mp4,4,女人在讲话
5,G_02608.mp4,4,女人坐着说话
0,G_02609.mp4,4,机器在运作
1,G_02609.mp4,4,许多机器在运作
2,G_02609.mp4,4,机器正在移动
3,G_02609.mp4,4,机器在运行
4,G_02609.mp4,4,机器正在空中移动
5,G_02609.mp4,4,机器在转动
0,G_02610.mp4,4,机器在运作
1,G_02610.mp4,4,人们在操作机器
2,G_02610.mp4,4,船停在湖面上
3,G_02610.mp4,4,车辆驶过
4,G_02610.mp4,4,机器升起
5,G_02610.mp4,4,机器升向空中
0,G_02611.mp4,4,水面 房子
1,G_02611.mp4,4,湖面 小楼
2,G_02611.mp4,4,水面 楼房
3,G_02611.mp4,4,水面荡漾
4,G_02611.mp4,4,水面带有一点点波动
5,G_02611.mp4,4,湖面
0,G_02612.mp4,1,几个人在打麻将
1,G_02612.mp4,1,几个人坐着打麻将
2,G_02612.mp4,1,四个人坐在麻将桌旁打麻将
3,G_02612.mp4,1,人们打麻将
4,G_02612.mp4,1,几个人一起打麻将
5,G_02612.mp4,1,几个人正在打麻将
0,G_02613.mp4,4,一张桌子
1,G_02613.mp4,4,一张办公桌
2,G_02613.mp4,4,一张长桌子
3,G_02613.mp4,4,桌子椅子
4,G_02613.mp4,4,一张桌子
5,G_02613.mp4,4,一张桌子一把椅子
0,G_02614.mp4,1,一个人对着镜头说话
1,G_02614.mp4,1,警察在讲话
2,G_02614.mp4,4,警察对着镜头讲话
3,G_02614.mp4,1,一个人对摄像头说话
4,G_02614.mp4,4,一个人对着镜头说话
5,G_02614.mp4,1,一个人在说话
0,G_02615.mp4,4,一幢楼房
1,G_02615.mp4,4,一栋楼房
2,G_02615.mp4,4,一个小区里面有房子
3,G_02615.mp4,4,一些房子
4,G_02615.mp4,4,几栋楼房
5,G_02615.mp4,4,几栋房子
0,G_02616.mp4,1,几个拿着猎枪
1,G_02616.mp4,1,两个人拿着枪在交谈
2,G_02616.mp4,1,警察拿着枪交谈
3,G_02616.mp4,4,几个人在交谈
4,G_02616.mp4,4,几个人站着
5,G_02616.mp4,1,几个站着交谈
0,G_02617.mp4,9,直升机在空中飞行
1,G_02617.mp4,4,直升机飞来飞去
2,G_02617.mp4,4,直升机飞行
3,G_02617.mp4,4,几架直升机飞行移动
4,G_02617.mp4,4,直升机在空中
5,G_02617.mp4,9,直升机在天上飞
0,G_02618.mp4,1,很多人在奔跑
1,G_02618.mp4,1,士兵在移动
2,G_02618.mp4,1,很多人拿着枪跑
3,G_02618.mp4,1,许多人持枪奔跑
4,G_02618.mp4,1,人们拿着枪跑
5,G_02618.mp4,1,很多人持枪跑动
0,G_02619.mp4,1,三个人在潜水，一个人讲话
1,G_02619.mp4,1,人们水中游泳
2,G_02619.mp4,1,人们潜水游泳
3,G_02619.mp4,12,三个人潜水
4,G_02619.mp4,1,许多人潜水游泳，一个人在说话
5,G_02619.mp4,1,三个人潜水，一个人说话
0,G_02620.mp4,1,人们潜水
1,G_02620.mp4,1,很多人潜水在水下工作
2,G_02620.mp4,1,几个人在水下工作
3,G_02620.mp4,12,很多人在水下潜水操纵机器
4,G_02620.mp4,1,一些人潜水
5,G_02620.mp4,1,很多人在潜水
0,G_02621.mp4,1,人们在水面工作
1,G_02621.mp4,1,许多人在水面
2,G_02621.mp4,1,很多人再水面游泳
3,G_02621.mp4,1,一些人在水上
4,G_02621.mp4,1,水面上有一些人
5,G_02621.mp4,1,许多人在水面工作
0,G_02622.mp4,12,一艘载人航天飞船立在地面
1,G_02622.mp4,12,一艘巨大的载人航天飞船立着
2,G_02622.mp4,4,载人航天飞船矗立
3,G_02622.mp4,4,载人航天飞船立在地面
4,G_02622.mp4,4,载人航天飞船在地面上立着
5,G_02622.mp4,12,一艘载人航天飞船在地面上
0,G_02623.mp4,8,空间站在对接
1,G_02623.mp4,12,空间站移动对接
2,G_02623.mp4,12,空间站拼接
3,G_02623.mp4,8,空间站在正在对接
4,G_02623.mp4,12,空间站组成对接
5,G_02623.mp4,12,空间站拼接对接
0,G_02624.mp4,1,一个人对着镜头挥手
1,G_02624.mp4,1,一个人对着镜头挥舞旗子
2,G_02624.mp4,1,一个人面朝摄像机挥手
3,G_02624.mp4,1,一个人挥手
4,G_02624.mp4,12,一个人挥舞手
5,G_02624.mp4,1,一个人面向镜头挥手
0,G_02625.mp4,8,太空舱移动
1,G_02625.mp4,12,太空舱移动对接
2,G_02625.mp4,12,太空舱在对接
3,G_02625.mp4,8,太空舱对接
4,G_02625.mp4,12,太空舱移动
5,G_02625.mp4,12,太空舱移动对接
0,G_02626.mp4,8,太空舱拼接在一起
1,G_02626.mp4,12,太空舱完成对接
2,G_02626.mp4,12,太空舱对接在一起
3,G_02626.mp4,8,太空舱面对着拼接
4,G_02626.mp4,12,太空舱对接
5,G_02626.mp4,12,太空舱缓缓对接
0,G_02627.mp4,1,三个人看着屏幕
1,G_02627.mp4,1,一些人在做实验
2,G_02627.mp4,1,三个人站着
3,G_02627.mp4,12,几个人站着做实验
4,G_02627.mp4,12,几个人站着看屏幕
5,G_02627.mp4,12,三个人站着看屏幕
0,G_02628.mp4,4,航天飞船升空
1,G_02628.mp4,4,一艘航天飞船升入空中
2,G_02628.mp4,4,航天飞船飞上天
3,G_02628.mp4,4,一艘航天飞船发射
4,G_02628.mp4,4,航天飞船发射上天
5,G_02628.mp4,4,一艘航天飞船发射
0,G_02629.mp4,12,太空舱拼接在一起
1,G_02629.mp4,12,太空舱对接
2,G_02629.mp4,12,太空舱拼接对接
3,G_02629.mp4,8,太空舱对接
4,G_02629.mp4,12,太空舱对接
5,G_02629.mp4,12,太空舱面对着拼接
0,G_02630.mp4,12,太空舱拼接在一起
1,G_02630.mp4,12,太空舱对接
2,G_02630.mp4,12,太空舱拼接对接
3,G_02630.mp4,8,太空舱对接
4,G_02630.mp4,12,太空舱对接
5,G_02630.mp4,12,太空舱面对着拼接
0,G_02631.mp4,11,水面起着大浪
1,G_02631.mp4,11,浪潮翻滚
2,G_02631.mp4,11,水面浪潮涌动
3,G_02631.mp4,11,水面起着大浪大潮
4,G_02631.mp4,11,水面有浪潮
5,G_02631.mp4,11,水面潮水很高
0,G_02632.mp4,4,几个人坐着讲话
1,G_02632.mp4,4,三个人坐在桌子后说话
2,G_02632.mp4,1,法官宣读判决
3,G_02632.mp4,1,几个人面向镜头坐着
4,G_02632.mp4,1,几个人坐着看电脑
5,G_02632.mp4,1,一些人人坐着看电脑
0,G_02633.mp4,1,许多人端坐着
1,G_02633.mp4,1,很多端正地坐着
2,G_02633.mp4,1,人们端坐在椅子上
3,G_02633.mp4,4,一些人坐在椅子上
4,G_02633.mp4,1,很多人端正地坐着
5,G_02633.mp4,1,人们正坐着
0,G_02634.mp4,8,逐渐出现文字，然后出现汽车
1,G_02634.mp4,8,一行行文字，汽车堵塞在路上
2,G_02634.mp4,9,文字出现在画面上，汽车堵塞在路上
3,G_02634.mp4,9,汽车在路上堵着
4,G_02634.mp4,9,汽车堵在路上
5,G_02634.mp4,9,文字出现，许多汽车停在路面
0,G_02635.mp4,1,汽车在路面行驶，一个男人面向镜头并讲话
1,G_02635.mp4,9,汽车形式在高速公路，男人说话
2,G_02635.mp4,9,汽车形式在路上，一个男人说话
3,G_02635.mp4,1,许多车开过路面，一个人在讲话
4,G_02635.mp4,1,汽车在高速桥上行驶，男人坐着讲话
5,G_02635.mp4,1,汽车经过，男人说话
0,G_02636.mp4,9,汽车在路上行驶
1,G_02636.mp4,9,许多汽车开过
2,G_02636.mp4,9,很多汽车在公路上行驶
3,G_02636.mp4,9,许多汽车往来
4,G_02636.mp4,9,路上有许多形式的汽车
5,G_02636.mp4,9,汽车在路上运动
0,G_02637.mp4,1,人们坐在高铁座位上
1,G_02637.mp4,1,许多人坐在座位上等待高铁启动
2,G_02637.mp4,1,人们坐在座位上
3,G_02637.mp4,1,很多人坐着
4,G_02637.mp4,1,人们坐在高铁上
5,G_02637.mp4,1,许多人在高铁上坐着
0,G_02638.mp4,9,汽车在路面行驶
1,G_02638.mp4,9,汽车经过路面
2,G_02638.mp4,1,汽车在公路上行驶
3,G_02638.mp4,9,汽车行驶在路上
4,G_02638.mp4,1,人们走在路上
5,G_02638.mp4,9,汽车在路面运动
0,G_02639.mp4,4,集装箱摆在地面
1,G_02639.mp4,4,集装箱被移动吊起
2,G_02639.mp4,4,许多集装箱摆在地上
3,G_02639.mp4,4,很多集装箱排列在地上
4,G_02639.mp4,4,集装箱在被搬运
5,G_02639.mp4,4,搬运集装箱
0,G_02640.mp4,1,许多人坐着
1,G_02640.mp4,1,女人在拍照
2,G_02640.mp4,1,人们坐在椅子上看
3,G_02640.mp4,1,人们坐着开会
4,G_02640.mp4,1,一个女人举起手机拍照
5,G_02640.mp4,1,许多人坐在座位上
0,G_02641.mp4,4,人走过
1,G_02641.mp4,4,许多人在工作中
2,G_02641.mp4,4,很多人在忙碌地工作
3,G_02641.mp4,4,机器在运作
4,G_02641.mp4,4,人们操作机器
5,G_02641.mp4,4,人们在行走工作
0,G_02642.mp4,4,机器在运作
1,G_02642.mp4,4,机器工作中，出现火花
2,G_02642.mp4,4,机器冒火
3,G_02642.mp4,4,机器在运作
4,G_02642.mp4,4,机器运作
5,G_02642.mp4,4,机器正在工作
0,G_02643.mp4,4,许多人坐着开会
1,G_02643.mp4,4,城市面貌
2,G_02643.mp4,4,人们坐着聆听讲话
3,G_02643.mp4,4,人们开会
4,G_02643.mp4,4,建筑物矗立
5,G_02643.mp4,4,出现城市建筑物
0,G_02644.mp4,12,机器在运作
1,G_02644.mp4,12,机器运作
2,G_02644.mp4,4,机器在运作
3,G_02644.mp4,4,机器正在工作
4,G_02644.mp4,12,机器工作着
5,G_02644.mp4,4,机器正在被操纵着
0,G_02645.mp4,1,一个人讲话
1,G_02645.mp4,1,很多话筒出现
2,G_02645.mp4,4,许多话筒
3,G_02645.mp4,1,人说话
4,G_02645.mp4,4,话筒重叠在一起
5,G_02645.mp4,4,很多话筒
0,G_02646.mp4,11,白色建筑前喷泉在喷水
1,G_02646.mp4,11,白宫前喷泉
2,G_02646.mp4,11,白色的建筑物
3,G_02646.mp4,4,白色建筑矗立
4,G_02646.mp4,4,白色的建筑物立在画面上
5,G_02646.mp4,4,白色建筑前喷泉在喷水
0,G_02647.mp4,4,车辆驶过，人走过
1,G_02647.mp4,9,车来车往，人们行走
2,G_02647.mp4,9,汽车在路面行驶
3,G_02647.mp4,1,汽车开过，人们行走
4,G_02647.mp4,4,人们走过路面
5,G_02647.mp4,4,汽车开过，人们行走
0,G_02648.mp4,4,船行驶在湖面
1,G_02648.mp4,4,喷泉喷水
2,G_02648.mp4,4,船运动，白色建筑前喷泉喷水
3,G_02648.mp4,4,军舰在海面行驶
4,G_02648.mp4,4,军舰行驶在海上
5,G_02648.mp4,4,水面上有军舰，白色的建筑前喷泉
0,G_02649.mp4,1,绿色衣服的人在说话
1,G_02649.mp4,1,一个人在说话
2,G_02649.mp4,1,一个绿色衣服的男人说话
3,G_02649.mp4,1,男人说话
4,G_02649.mp4,1,绿色衣服的人说话
5,G_02649.mp4,1,一个绿色衣服的人在说话
0,G_02650.mp4,12,导弹升空
1,G_02650.mp4,4,一枚带着烟的导弹升空
2,G_02650.mp4,4,一幅地图，然后导弹升空
3,G_02650.mp4,8,一幅地图移动，然后一枚导弹被发射
4,G_02650.mp4,4,一辆车发生了一枚导弹
5,G_02650.mp4,12,导弹被发射升空
0,G_02651.mp4,1,一个人坐着讲话
1,G_02651.mp4,4,男人说话
2,G_02651.mp4,1,一个男人坐着说话
3,G_02651.mp4,1,男人坐着说话
4,G_02651.mp4,1,一个人面向台下讲话
5,G_02651.mp4,4,一个人正在说话
0,G_02652.mp4,8,飞机在空中行驶，被轰炸
1,G_02652.mp4,8,飞机飞翔在空中
2,G_02652.mp4,8,许多飞机在空中飞行
3,G_02652.mp4,8,飞机飞行在空中
4,G_02652.mp4,8,飞机飞翔在空中，一架飞机被炮击
5,G_02652.mp4,8,一架飞机被导弹打中
0,G_02653.mp4,4,导弹发射升空
1,G_02653.mp4,4,导弹被发射出去
2,G_02653.mp4,4,导弹带着一缕白烟升空
3,G_02653.mp4,4,发射导弹
4,G_02653.mp4,4,导弹被打上天
5,G_02653.mp4,4,导弹升空
0,G_02654.mp4,1,模糊的女人在说话
1,G_02654.mp4,1,红色衣服的人在说话
2,G_02654.mp4,1,红色衣服的人讲话
3,G_02654.mp4,1,一个人坐着说话
4,G_02654.mp4,1,一个人在讲话
5,G_02654.mp4,1,一个人坐在镜头前说话
0,G_02655.mp4,4,杂物堆积
1,G_02655.mp4,4,许多箱子堆积在一起
2,G_02655.mp4,4,货物堆积在一起
3,G_02655.mp4,4,许多箱子叠在一起
4,G_02655.mp4,4,箱子堆积
5,G_02655.mp4,4,杂物堆积
0,G_02656.mp4,4,一只手在捏沙子
1,G_02656.mp4,4,一只手摸沙子
2,G_02656.mp4,4,一只手摸沙子，旁边杂物堆积
3,G_02656.mp4,4,一只手捏沙子
4,G_02656.mp4,4,一只手在捏沙子
5,G_02656.mp4,4,一只手摸沙子
0,G_02657.mp4,1,一个人在讲话
1,G_02657.mp4,1,一个人面对着镜头说话
2,G_02657.mp4,1,一个人说话
3,G_02657.mp4,1,女人说话
4,G_02657.mp4,1,一个人在讲话
5,G_02657.mp4,1,一个女人面向着说话
0,G_02658.mp4,4,两只手在摆弄红色的罐子
1,G_02658.mp4,4,红色的罐子
2,G_02658.mp4,4,两只手抚摸红色罐子
3,G_02658.mp4,4,一只手拿着红色瓶子
4,G_02658.mp4,4,手拿着红色罐子
5,G_02658.mp4,4,两只手拿着红色罐子
0,G_02659.mp4,4,屏幕向下滑动
1,G_02659.mp4,4,表格向下滑动
2,G_02659.mp4,4,屏幕中表格向下滑动
3,G_02659.mp4,4,屏幕下滑
4,G_02659.mp4,4,屏幕滑动
5,G_02659.mp4,4,屏幕向下滑动
0,G_02660.mp4,1,坐着看电脑
1,G_02660.mp4,1,几个人坐着看电脑
2,G_02660.mp4,1,一些人人坐着看电脑
3,G_02660.mp4,1,一些人坐着操作电脑
4,G_02660.mp4,1,人们坐着看着屏幕
5,G_02660.mp4,1,人们用电脑工作
0,G_02661.mp4,4,一片废墟
1,G_02661.mp4,4,地震后的废墟
2,G_02661.mp4,4,废墟，一片狼藉
3,G_02661.mp4,4,房屋倒塌的废墟
4,G_02661.mp4,4,一地废墟
5,G_02661.mp4,4,一片废墟
0,G_02662.mp4,4,台风肆虐
1,G_02662.mp4,4,海水汹涌，大风侵袭
2,G_02662.mp4,4,台风侵袭，建筑晃动
3,G_02662.mp4,4,台风猛烈地吹
4,G_02662.mp4,4,台风在肆虐
5,G_02662.mp4,4,台风猛烈地吹
0,G_02663.mp4,4,台风肆虐
1,G_02663.mp4,4,台风吹着树木
2,G_02663.mp4,4,台风狂作
3,G_02663.mp4,4,台风猛烈地吹
4,G_02663.mp4,4,台风在肆虐
5,G_02663.mp4,4,台风猛烈地吹
0,G_02664.mp4,15,画面不停切换
1,G_02664.mp4,15,人和建筑交替切换
2,G_02664.mp4,15,画面不停变换
3,G_02664.mp4,15,画面连续切换
4,G_02664.mp4,15,画面快速切换
5,G_02664.mp4,15,画面快速变化
0,G_02665.mp4,15,画面不停变化
1,G_02665.mp4,15,不同人在画面中切换
2,G_02665.mp4,15,各种画面交替切换
3,G_02665.mp4,15,画面交替切换
4,G_02665.mp4,15,画面快速切换
5,G_02665.mp4,15,画面连续切换
0,G_02666.mp4,15,山峦建筑不停变换
1,G_02666.mp4,15,山高速路切换变化
2,G_02666.mp4,15,画面交替切换
3,G_02666.mp4,15,画面快速变化
4,G_02666.mp4,15,各种画面交替切换
5,G_02666.mp4,15,山峰建筑高速路切换变化
0,G_02667.mp4,11,绿化带
1,G_02667.mp4,11,绿化草是鸟的形状
2,G_02667.mp4,11,绿化带的草
3,G_02667.mp4,11,绿化草丛做成鸟的形状
4,G_02667.mp4,11,草丛是鸟的形状
5,G_02667.mp4,11,鸟形状的草丛绿化带
0,G_02668.mp4,11,俯瞰草丛绿化带
1,G_02668.mp4,11,航拍绿化草丛
2,G_02668.mp4,11,绿化草是鸟的形状
3,G_02668.mp4,11,绿化草丛做成鸟的形状
4,G_02668.mp4,11,航拍绿化带
5,G_02668.mp4,11,绿化草丛
0,G_02669.mp4,11,各种绿色植物做成的动物
1,G_02669.mp4,11,绿色植物做成的动物
2,G_02669.mp4,11,植物做成的动物
3,G_02669.mp4,11,草丛是鸟的形状
4,G_02669.mp4,11,绿化带草丛
5,G_02669.mp4,11,绿化带的草
0,G_02670.mp4,4,各种红色国旗灯笼
1,G_02670.mp4,4,城市挂满了红色装饰
2,G_02670.mp4,4,建筑物装饰着红色旗子和灯笼
3,G_02670.mp4,4,红色旗子飘舞
4,G_02670.mp4,4,红旗招展
5,G_02670.mp4,4,城市布满红色
0,G_02671.mp4,1,红色国旗，一个人在讲话
1,G_02671.mp4,1,一个人面向镜头说话
2,G_02671.mp4,1,挂满国旗，一个人在前面说话
3,G_02671.mp4,1,国旗飘扬，一个人说话
4,G_02671.mp4,1,一个人在讲话
5,G_02671.mp4,1,红色国旗前，男人说话
0,G_02672.mp4,4,城市挂满了红色装饰
1,G_02672.mp4,4,红色旗子飘舞
2,G_02672.mp4,4,建筑物装饰满了红色国旗
3,G_02672.mp4,4,国旗飘扬
4,G_02672.mp4,4,城市布满红色
5,G_02672.mp4,4,红色旗子飘舞城市
0,G_02673.mp4,1,人山人海
1,G_02673.mp4,1,一群人熙熙攘攘地走
2,G_02673.mp4,1,很多人在走
3,G_02673.mp4,1,一大群人在游玩
4,G_02673.mp4,1,很多很多人在走
5,G_02673.mp4,1,一群人行走
0,G_02674.mp4,11,花团锦簇
1,G_02674.mp4,11,绿色红色相间
2,G_02674.mp4,11,一大片植物
3,G_02674.mp4,11,绿化带有花有草
4,G_02674.mp4,11,花草簇拥
5,G_02674.mp4,11,花团锦簇
0,G_02675.mp4,11,花草簇拥
1,G_02675.mp4,11,红花绿草布满屏幕
2,G_02675.mp4,11,花团锦簇
3,G_02675.mp4,11,绿色红色相间
4,G_02675.mp4,11,花团锦簇
5,G_02675.mp4,11,绿化带的草
0,G_02676.mp4,4,红色旗子飘扬
1,G_02676.mp4,4,红旗飘扬
2,G_02676.mp4,4,红旗招展
3,G_02676.mp4,4,人山人海红旗招展
4,G_02676.mp4,4,花团锦簇
5,G_02676.mp4,4,绿色红色相间
0,G_02677.mp4,4,红花国旗灯笼
1,G_02677.mp4,4,国旗灯笼红花
2,G_02677.mp4,4,花团簇拥，人山人海
3,G_02677.mp4,4,红色旗子飘扬
4,G_02677.mp4,4,绿色红色相间
5,G_02677.mp4,4,人山人海红旗招展
0,G_02678.mp4,1,人山人海
1,G_02678.mp4,1,很多人行走
2,G_02678.mp4,1,许多人在走
3,G_02678.mp4,1,人群行走
4,G_02678.mp4,1,人山人海
5,G_02678.mp4,1,很多人在徒步行走
0,G_02679.mp4,1,人山人海
1,G_02679.mp4,1,人们行走等车
2,G_02679.mp4,1,人群行走
3,G_02679.mp4,1,很多人在行走
4,G_02679.mp4,1,人山人海
5,G_02679.mp4,1,人们等待乘车
0,G_02680.mp4,1,将士们持枪走正步
1,G_02680.mp4,1,士兵走正步
2,G_02680.mp4,1,人提着枪踢正步
3,G_02680.mp4,1,人们持枪走正步
4,G_02680.mp4,1,很多人拿着枪走正步
5,G_02680.mp4,1,人们持枪走正步
0,G_02681.mp4,1,两个人吹喇叭
1,G_02681.mp4,1,两个人在吹着红旗喇叭
2,G_02681.mp4,1,两个人吹喇叭
3,G_02681.mp4,1,两个人在吹喇叭
4,G_02681.mp4,1,两个人吹着喇叭
5,G_02681.mp4,1,俩人吹喇叭
0,G_02682.mp4,1,人们低着头
1,G_02682.mp4,1,一个人低着头
2,G_02682.mp4,1,一个人冲着屏幕低着头
3,G_02682.mp4,1,人们低着头
4,G_02682.mp4,1,一个人头微微向下低
5,G_02682.mp4,1,低着头的人
0,G_02683.mp4,1,很多小孩子在唱歌
1,G_02683.mp4,1,很多小孩唱歌
2,G_02683.mp4,1,孩子们在唱歌
3,G_02683.mp4,1,小孩子们在唱歌
4,G_02683.mp4,1,很多小孩子唱歌
5,G_02683.mp4,1,孩子们在唱歌
0,G_02684.mp4,4,红条包裹着花
1,G_02684.mp4,4,两个红条一束花
2,G_02684.mp4,4,一束花
3,G_02684.mp4,4,很多花朵
4,G_02684.mp4,4,一束花带着红丝带
5,G_02684.mp4,4,一束花
0,G_02685.mp4,1,许多人举着花
1,G_02685.mp4,1,人们站着拿着花
2,G_02685.mp4,1,人们站着
3,G_02685.mp4,1,许多人举着花站着
4,G_02685.mp4,1,人们站着拿着花
5,G_02685.mp4,1,人们拿着花站着
0,G_02686.mp4,1,许多人举着花
1,G_02686.mp4,1,人们站着拿着花
2,G_02686.mp4,1,人们站着
3,G_02686.mp4,1,许多人举着花走过
4,G_02686.mp4,1,人们站着拿着花
5,G_02686.mp4,1,人们拿着花缓缓行走
0,G_02687.mp4,1,人们拿着花缓缓行走
1,G_02687.mp4,1,许多人拿着花行走
2,G_02687.mp4,1,人们拿着花缓缓行走
3,G_02687.mp4,1,人们拿着花行走
4,G_02687.mp4,1,许多人举着花行走
5,G_02687.mp4,1,很多人拿着花走动
0,G_02688.mp4,1,人们把花放下
1,G_02688.mp4,1,人们放下花
2,G_02688.mp4,1,人们把花放下
3,G_02688.mp4,1,人们把手里的花放下来
4,G_02688.mp4,1,花放下来
5,G_02688.mp4,1,人们把花放下
0,G_02689.mp4,11,白色的花促成的圈
1,G_02689.mp4,11,白色的花在绿色植物上
2,G_02689.mp4,11,白色的花组成一个圈
3,G_02689.mp4,11,白色的花朵组成圈点缀在绿色植物上
4,G_02689.mp4,11,绿化带上有白花
5,G_02689.mp4,11,绿化带上面的白花
0,G_02690.mp4,13,大熊猫们在玩耍
1,G_02690.mp4,13,许多大熊猫躺在地上
2,G_02690.mp4,13,很多大熊猫在地上
3,G_02690.mp4,13,大熊猫们躺在地上
4,G_02690.mp4,13,大熊猫在地上玩耍
5,G_02690.mp4,13,很多大熊猫在地面上躺着
0,G_02691.mp4,9,一些轿车在路口行驶
1,G_02691.mp4,9,车在十字路口行驶
2,G_02691.mp4,9,一些车通过路口
3,G_02691.mp4,9,几辆车在路口行驶
4,G_02691.mp4,9,一些轿车和摩托车在路口行驶
5,G_02691.mp4,9,很多车通过十字路口
0,G_02692.mp4,9,很多车缓慢行驶
1,G_02692.mp4,9,一些车行驶在路上
2,G_02692.mp4,1,两个人摇动树木
3,G_02692.mp4,1,两个人从树上下来
4,G_02692.mp4,1,一些人围在一起搜救
5,G_02692.mp4,1,几个人搜救被困人员
0,G_02693.mp4,4,树木被吊起
1,G_02693.mp4,9,几辆车缓慢行驶
2,G_02693.mp4,9,车在路上行驶
3,G_02693.mp4,4,树干被转移
4,G_02693.mp4,1,几个人在移动树枝
5,G_02693.mp4,1,人在清理树木
0,G_02694.mp4,1,一个人被许多人搜救
1,G_02694.mp4,1,一个人抬出土坑
2,G_02694.mp4,1,一些人把一个人向上抬
3,G_02694.mp4,1,一个人被移动出土坑
4,G_02694.mp4,1,一些人搜救一个人
5,G_02694.mp4,1,一些人抬起一个人
0,G_02695.mp4,1,两个男人拿着树枝爬楼梯
1,G_02695.mp4,1,两个人移动树枝
2,G_02695.mp4,1,两个男人抬着树枝
3,G_02695.mp4,9,救护车往前开
4,G_02695.mp4,9,救护车向前行驶
5,G_02695.mp4,1,一些人挖坑
0,G_02696.mp4,1,两个男人打开门
1,G_02696.mp4,1,一些人冲进门
2,G_02696.mp4,1,一个人被一些人拷手铐
3,G_02696.mp4,1,许多人蹲在地上
4,G_02696.mp4,1,一些人被套住头蹲在地上
5,G_02696.mp4,1,许多人被套住头蹲在地上
0,G_02697.mp4,1,许多人用椅子打架
1,G_02697.mp4,1,一些人打架
2,G_02697.mp4,1,许多人用工具相互殴打
3,G_02697.mp4,1,一些男人用椅子打架
4,G_02697.mp4,1,许多人相互击打
5,G_02697.mp4,1,许多人打架
0,G_02698.mp4,1,一个男人接受采访
1,G_02698.mp4,1,一个男人被采访
2,G_02698.mp4,1,一个男人对话筒说话
3,G_02698.mp4,1,一个男人说话
4,G_02698.mp4,1,一个人说话
5,G_02698.mp4,1,一个男人对着话筒说话
0,G_02699.mp4,1,许多人举着牌子在街上游行
1,G_02699.mp4,1,许多人在街上游行
2,G_02699.mp4,1,人们在街上游行
3,G_02699.mp4,1,很多人举着牌子上游行
4,G_02699.mp4,1,许多人聚集在街上
5,G_02699.mp4,1,人们在聚在一起游行
0,G_02700.mp4,1,几个人走过街道
1,G_02700.mp4,4,旗帜在风中飘动
2,G_02700.mp4,4,旗子飘动
3,G_02700.mp4,1,一个男人对着话筒说话
4,G_02700.mp4,1,一个男人说话
5,G_02700.mp4,1,一个人对着话筒说话
0,G_02701.mp4,9,几驾战机在空中飞
1,G_02701.mp4,9,四驾战机在空中飞
2,G_02701.mp4,9,战机在空中往下飞
3,G_02701.mp4,9,飞机在空中飞
4,G_02701.mp4,9,战机在空中飞
5,G_02701.mp4,9,一些飞机飞过
0,G_02702.mp4,4,旗帜在风中飘动
1,G_02702.mp4,4,旗在风中飘动
2,G_02702.mp4,4,旗子飘动
3,G_02702.mp4,9,一些汽车在路上行驶
4,G_02702.mp4,9,汽车在路上行驶
5,G_02702.mp4,9,车在立交桥上行驶
0,G_02703.mp4,1,一些军人在前进
1,G_02703.mp4,1,许多军人行走
2,G_02703.mp4,9,一些大车行驶
3,G_02703.mp4,9,几辆军车行驶
4,G_02703.mp4,1,很多人跑动
5,G_02703.mp4,1,一些人跑动
0,G_02704.mp4,1,三个人坐着讲话
1,G_02704.mp4,1,三个人坐着
2,G_02704.mp4,1,一个人坐着讲话
3,G_02704.mp4,1,一个人对着话筒讲话
4,G_02704.mp4,1,一个人发言
5,G_02704.mp4,1,一个人讲话
0,G_02705.mp4,1,一个男人讲话
1,G_02705.mp4,1,一个男人发言
2,G_02705.mp4,1,一个人讲话
3,G_02705.mp4,1,一个男人说话
4,G_02705.mp4,1,一个男人讲话
5,G_02705.mp4,1,一个人发言
0,G_02706.mp4,1,一些人坐在一起开会
1,G_02706.mp4,1,一些人开会
2,G_02706.mp4,1,一个人在会上讲话
3,G_02706.mp4,1,人们在开会
4,G_02706.mp4,1,人们一起开会
5,G_02706.mp4,1,一些人围坐开会
0,G_02707.mp4,4,椰子树被风吹动
1,G_02707.mp4,4,树木在风中摇晃
2,G_02707.mp4,4,海面上涌起海浪
3,G_02707.mp4,4,海浪被风吹起
4,G_02707.mp4,4,门帘被风吹动
5,G_02707.mp4,4,门帘被风吹动
0,G_02708.mp4,9,船只停泊在水面
1,G_02708.mp4,9,船在水面停泊
2,G_02708.mp4,9,船在水中摇晃
3,G_02708.mp4,4,天空中有云层
4,G_02708.mp4,4,风吹动海浪
5,G_02708.mp4,4,风吹动草
0,G_02709.mp4,4,门帘被风吹动
1,G_02709.mp4,4,帘子的表面被吹动
2,G_02709.mp4,4,风吹动树木
3,G_02709.mp4,4,树木在风雨中摇晃
4,G_02709.mp4,4,风雨吹动树枝
5,G_02709.mp4,4,树枝大幅度晃动
0,G_02710.mp4,4,人上车
1,G_02710.mp4,4,人上车
2,G_02710.mp4,9,两辆车停在地上
3,G_02710.mp4,1,两个人在用本子记录
4,G_02710.mp4,1,两个男人用笔写字
5,G_02710.mp4,1,一个人站在车门
0,G_02711.mp4,1,一个人在说话
1,G_02711.mp4,1,一个男人对一个女人说话
2,G_02711.mp4,1,一个男人在说话
3,G_02711.mp4,1,一个人向另一个人说话
4,G_02711.mp4,1,一个男人在说话
5,G_02711.mp4,1,一个男人对一个女人说话
0,G_02712.mp4,1,两个男人招手
1,G_02712.mp4,1,两个男人挥手
2,G_02712.mp4,1,一个男人下车
3,G_02712.mp4,1,一个男人说话
4,G_02712.mp4,1,两个男人对话
5,G_02712.mp4,1,一个男人愁眉苦脸
0,G_02713.mp4,9,一辆面包车停在地上
1,G_02713.mp4,9,一辆车停着
2,G_02713.mp4,9,车里的前排设备
3,G_02713.mp4,1,一个男人在记录
4,G_02713.mp4,1,一个人用笔记录
5,G_02713.mp4,1,一个男人在写字
0,G_02714.mp4,1,一个女人举着话筒讲话
1,G_02714.mp4,1,一个孩子观看灯光秀
2,G_02714.mp4,1,很多人用手机拍摄
3,G_02714.mp4,4,高楼上灯光闪动
4,G_02714.mp4,4,建筑物上灯光变化
5,G_02714.mp4,4,高楼上灯光秀表演
0,G_02715.mp4,4,中国地图
1,G_02715.mp4,4,一栋楼在雾中
2,G_02715.mp4,4,几辆车在行驶
3,G_02715.mp4,9,一些车在行驶
4,G_02715.mp4,9,车在雾中行驶
5,G_02715.mp4,9,车在雾中缓慢开动
0,G_02716.mp4,4,气象云层变化
1,G_02716.mp4,1,高铁站有很多人
2,G_02716.mp4,4,雨水落在地上
3,G_02716.mp4,1,人们穿着雨衣开电动车
4,G_02716.mp4,9,船在水中行驶
5,G_02716.mp4,9,大船行驶过水面
0,G_02717.mp4,4,铁丝网屹立在地上
1,G_02717.mp4,4,铁丝网在地上
2,G_02717.mp4,4,地上有隔离墙
3,G_02717.mp4,4,地上有铁丝网
4,G_02717.mp4,4,铁丝网在一栋楼前
5,G_02717.mp4,4,铁丝网立在地上
0,G_02718.mp4,1,几个人在船上搅动水面
1,G_02718.mp4,1,几个人趴在船沿上
2,G_02718.mp4,1,几个人趴在船边
3,G_02718.mp4,1,几个人搅动水面
4,G_02718.mp4,1,几个人在船上搅动水面
5,G_02718.mp4,1,几个人向水里看
0,G_02719.mp4,4,水波粼粼
1,G_02719.mp4,4,水面产生水波
2,G_02719.mp4,1,一个人在救生圈中
3,G_02719.mp4,1,几个人拉动救生圈
4,G_02719.mp4,1,几个人拉动救生船
5,G_02719.mp4,4,救生船在水面漂
0,G_02720.mp4,1,一个男人被审讯
1,G_02720.mp4,1,一个人被审讯
2,G_02720.mp4,4,列车上的烟雾感应器
3,G_02720.mp4,1,一些人坐在一个房间
4,G_02720.mp4,4,列车上的标语
5,G_02720.mp4,4,高铁行驶
0,G_02721.mp4,1,一个男人坐在沙发上讲话
1,G_02721.mp4,1,一个男人讲话
2,G_02721.mp4,1,一个男人坐在沙发上说话
3,G_02721.mp4,1,一个男人在台上发言
4,G_02721.mp4,1,一个男人站着说话
5,G_02721.mp4,1,一个男人对话筒说话
0,G_02722.mp4,1,两个男人站着
1,G_02722.mp4,1,两个男人等待
2,G_02722.mp4,1,一个男人打电话
3,G_02722.mp4,1,一个男人对电话讲话
4,G_02722.mp4,1,一个男人说话
5,G_02722.mp4,1,一个男人打座机电话
0,G_02723.mp4,1,两个男人握手
1,G_02723.mp4,1,两个男人握手
2,G_02723.mp4,1,两个男人站着讲话
3,G_02723.mp4,1,两个男人站着握手讲话
4,G_02723.mp4,1,两个男人边握手边讲话
5,G_02723.mp4,1,两个人握手问好
0,G_02724.mp4,1,一个男人坐着写字
1,G_02724.mp4,1,一个男人签字
2,G_02724.mp4,1,四个男人对坐开会
3,G_02724.mp4,1,几个人坐着开会
4,G_02724.mp4,1,几个人开会
5,G_02724.mp4,1,四个人两两对坐
0,G_02725.mp4,1,一个男人坐着讲话
1,G_02725.mp4,1,一个男人坐着发言
2,G_02725.mp4,1,一个人在会上讲话
3,G_02725.mp4,1,一个男人坐着讲话
4,G_02725.mp4,1,一个男人在会上发言
5,G_02725.mp4,1,一个人讲话
0,G_02726.mp4,1,一些警察在巡逻
1,G_02726.mp4,4,警备区里有一些警察
2,G_02726.mp4,1,一些男人站着
3,G_02726.mp4,1,一些警察站着
4,G_02726.mp4,1,警察们站着
5,G_02726.mp4,1,警察在警备状态
0,G_02727.mp4,1,一个男人面对墙壁站着
1,G_02727.mp4,1,一个军人站着
2,G_02727.mp4,1,两个军人走来
3,G_02727.mp4,1,一个军人站岗
4,G_02727.mp4,1,两个军人站着
5,G_02727.mp4,1,两个警察走正步
0,G_02728.mp4,1,一些警察走动
1,G_02728.mp4,1,一些军人巡逻
2,G_02728.mp4,1,一些军人训练
3,G_02728.mp4,1,一些军人走路
4,G_02728.mp4,1,军人们在巡逻
5,G_02728.mp4,1,两支军人共同警备
0,G_02729.mp4,1,一些军人们站立
1,G_02729.mp4,4,山顶出现爆炸
2,G_02729.mp4,4,哨所爆炸
3,G_02729.mp4,1,女人解说政治新闻
4,G_02729.mp4,1,一队军队前进
5,G_02729.mp4,4,两支军队汇合
0,G_02730.mp4,4,一些铁丝网
1,G_02730.mp4,4,边界的铁丝网
2,G_02730.mp4,4,几个人在拆除铁丝网
3,G_02730.mp4,4,用挖掘机挖铁丝网
4,G_02730.mp4,9,挖掘机在挖铁丝网
5,G_02730.mp4,4,军队拆除铁丝网
0,G_02731.mp4,1,一群人在骑马
1,G_02731.mp4,1,一队人在雪地骑马
2,G_02731.mp4,1,一些军人骑马
3,G_02731.mp4,1,一列骑马的人
4,G_02731.mp4,13,一些军人在雪地骑马
5,G_02731.mp4,1,军人们在雪地骑马
0,G_02732.mp4,1,一些人在雪地行走
1,G_02732.mp4,1,一列人在雪地走路
2,G_02732.mp4,1,军人们在雪地走路
3,G_02732.mp4,1,一些军人排成一列在雪地走
4,G_02732.mp4,1,一些人行走在雪地里
5,G_02732.mp4,1,人们在雪地里走路
0,G_02733.mp4,1,三个人在雪地走路
1,G_02733.mp4,1,几个人在雪地走路
2,G_02733.mp4,1,一个人在雪地走路
3,G_02733.mp4,1,三个军人在雪地走路
4,G_02733.mp4,1,几个人在雪地走路
5,G_02733.mp4,1,一队人在雪地走路
0,G_02734.mp4,1,一队人在雪地走路
1,G_02734.mp4,1,几个人在雪地走路
2,G_02734.mp4,1,几个军人在雪地走路
3,G_02734.mp4,1,一些军人摸石碑
4,G_02734.mp4,1,男人们在雪地走路
5,G_02734.mp4,1,几个人摸石碑
0,G_02735.mp4,1,一队人在雪地骑马
1,G_02735.mp4,1,几个人摸石碑
2,G_02735.mp4,1,一些军人围坐在雪地
3,G_02735.mp4,1,一列军人在雪地骑马
4,G_02735.mp4,1,一个男人摸石碑
5,G_02735.mp4,1,几个男人围坐在一起
0,G_02736.mp4,9,很多车被堵在隧道
1,G_02736.mp4,9,一些货车堵车
2,G_02736.mp4,9,几十辆货车堵车
3,G_02736.mp4,9,几十辆货车堵在隧道
4,G_02736.mp4,9,一些车滞留在隧道
5,G_02736.mp4,9,很多货车在隧道里
0,G_02737.mp4,9,很多货车在隧道里
1,G_02737.mp4,9,几十辆货车停在隧道
2,G_02737.mp4,9,一些货车堵车
3,G_02737.mp4,9,几十辆货车堵车
4,G_02737.mp4,9,几十辆货车堵在隧道
5,G_02737.mp4,9,很多货车在隧道里
0,G_02738.mp4,1,两个人在铲雪
1,G_02738.mp4,9,几辆车在高速路行驶
2,G_02738.mp4,9,一辆车在清除积雪
3,G_02738.mp4,9,一些车在雪里行驶
4,G_02738.mp4,1,几个交警在铲除路面的雪
5,G_02738.mp4,9,一辆车在喷气体
0,G_02739.mp4,1,一个男人在射箭
1,G_02739.mp4,1,几个男人在骑马
2,G_02739.mp4,1,一个男人在射箭
3,G_02739.mp4,1,一个人在射箭
4,G_02739.mp4,1,一个男人在射箭
5,G_02739.mp4,1,一个男人在说话
0,G_02740.mp4,1,三个男人在晚上站着
1,G_02740.mp4,1,三个男人站着
2,G_02740.mp4,1,三个男人在站着说话
3,G_02740.mp4,1,夜色中有灯光闪动
4,G_02740.mp4,1,三个男人在站着
5,G_02740.mp4,1,三个男人站着
0,G_02741.mp4,1,一个男人拿着杆子
1,G_02741.mp4,4,一些人在医院
2,G_02741.mp4,1,一些人站着
3,G_02741.mp4,1,一个男人拿着杆子
4,G_02741.mp4,1,一个男人用杆子
5,G_02741.mp4,1,一个男人用杆子刮雪
0,G_02742.mp4,1,一个男人在树林里跳动
1,G_02742.mp4,4,一棵树倒下
2,G_02742.mp4,4,一棵树被风吹到
3,G_02742.mp4,4,一棵树被吹倒
4,G_02742.mp4,4,风吹动树
5,G_02742.mp4,1,一个男人跳动
0,G_02743.mp4,4,山林里有雨雪
1,G_02743.mp4,1,几个男人在拉动竹子
2,G_02743.mp4,1,几个男人在拉树
3,G_02743.mp4,4,一栋古代建筑
4,G_02743.mp4,1,几个男人在拉竹子
5,G_02743.mp4,1,几个人拉动竹子
0,G_02744.mp4,1,几个人在喷水
1,G_02744.mp4,1,几个男人在喷水
2,G_02744.mp4,1,几个男人在喷水
3,G_02744.mp4,9,几辆车在路上行驶
4,G_02744.mp4,9,易燃液体
5,G_02744.mp4,1,几个男人在喷水
0,G_02745.mp4,9,几辆货车停止
1,G_02745.mp4,1,三个人站着
2,G_02745.mp4,1,三个人站着
3,G_02745.mp4,1,三个人站着
4,G_02745.mp4,9,一辆救护车停止
5,G_02745.mp4,9,几辆车堵车
0,G_02746.mp4,1,几个男人铲雪
1,G_02746.mp4,1,几个人铲雪
2,G_02746.mp4,1,几个男人铲雪
3,G_02746.mp4,1,几个男人铲路面的雪
4,G_02746.mp4,1,几个男人铲雪
5,G_02746.mp4,1,几个男人铲雪
0,G_02747.mp4,1,四个人坐着
1,G_02747.mp4,1,四个人坐着说话
2,G_02747.mp4,12,一些天文图片
3,G_02747.mp4,12,一些宇宙图片
4,G_02747.mp4,12,星系图
5,G_02747.mp4,12,探测外星的图
0,G_02748.mp4,9,一些货车在行驶
1,G_02748.mp4,9,一辆车在转运箱子
2,G_02748.mp4,9,货物在被装车
3,G_02748.mp4,9,货车在装载货物
4,G_02748.mp4,9,火车在行驶
5,G_02748.mp4,9,一辆车吊了两个箱子
0,G_02749.mp4,9,火车在行驶
1,G_02749.mp4,1,一个人站着
2,G_02749.mp4,9,货车开走
3,G_02749.mp4,1,一个男人站着
4,G_02749.mp4,1,一个人等车
5,G_02749.mp4,1,一个人站着
0,G_02750.mp4,1,两个人在车前
1,G_02750.mp4,1,两个人在安装号码牌
2,G_02750.mp4,1,两个人安装货车号码牌
3,G_02750.mp4,4,应急号码牌
4,G_02750.mp4,4,应急号码牌的组成
5,G_02750.mp4,4,应急号码牌开始启用
0,G_02751.mp4,1,一个人在拧螺丝
1,G_02751.mp4,1,一个人蹲着拧螺丝
2,G_02751.mp4,1,一个人给货车上号码牌
3,G_02751.mp4,1,一个人拧号码牌螺丝
4,G_02751.mp4,9,一些货车停着
5,G_02751.mp4,9,货车停驻着
0,G_02752.mp4,9,大型车停着
1,G_02752.mp4,9,货车的号码牌是应急
2,G_02752.mp4,9,一些货车停着
3,G_02752.mp4,9,货车停着
4,G_02752.mp4,9,大车停着
5,G_02752.mp4,9,货车停着
0,G_02753.mp4,1,一个人站在货车前
1,G_02753.mp4,9,一些货车停着
2,G_02753.mp4,9,很多货车停着
3,G_02753.mp4,9,一些货车停成一排
4,G_02753.mp4,9,一列货车停着
5,G_02753.mp4,1,一个人站着
0,G_02754.mp4,4,个人所得税信息表
1,G_02754.mp4,4,个人所得税信息表细节
2,G_02754.mp4,4,个人所得税信息表
3,G_02754.mp4,4,个人所得税附加项扣除信息表
4,G_02754.mp4,4,个人所得税信息表
5,G_02754.mp4,4,一个信息表
0,G_02755.mp4,1,人们在骑马
1,G_02755.mp4,1,人们在雪地骑马
2,G_02755.mp4,1,许多人在滑雪
3,G_02755.mp4,18,山中的雪景
4,G_02755.mp4,1,一些人在雪地滚轮胎
5,G_02755.mp4,1,两个人在生火
0,G_02756.mp4,1,一些人在集市交易
1,G_02756.mp4,1,两个人穿着民族服演奏乐器
2,G_02756.mp4,1,两人表演民俗乐器
3,G_02756.mp4,1,两个人在骑马
4,G_02756.mp4,1,一男一女在比赛骑马
5,G_02756.mp4,1,一群人在集市摆摊
0,G_02757.mp4,4,展品在博物馆展览
1,G_02757.mp4,4,兵马俑在土坑里展览
2,G_02757.mp4,4,兵马俑在坑里展览
3,G_02757.mp4,4,兵马俑在展览
4,G_02757.mp4,4,兵马俑被参观
5,G_02757.mp4,4,许多兵马俑在坑里
0,G_02758.mp4,1,几个人在夜色里奔跑
1,G_02758.mp4,1,一些人在晚上跑动
2,G_02758.mp4,1,一些人在夜色里奔跑
3,G_02758.mp4,1,一些人匆忙奔跑
4,G_02758.mp4,1,几个人在夜色里跑
5,G_02758.mp4,1,一些人在奔跑
0,G_02759.mp4,1,几个人在推救护车
1,G_02759.mp4,1,一个人抱着病人
2,G_02759.mp4,1,几个男人推救护车
3,G_02759.mp4,1,几个人在雪地推救护车
4,G_02759.mp4,1,一个人抱着一个人到病床
5,G_02759.mp4,1,几个人在推救护车
0,G_02760.mp4,1,两个医生奔跑
1,G_02760.mp4,9,救护车在行驶
2,G_02760.mp4,1,一个男人在修轮胎
3,G_02760.mp4,1,护士给病人打针
4,G_02760.mp4,1,一个男人在修轮胎
5,G_02760.mp4,1,两个医生在雪中跑向救护车
0,G_02761.mp4,1,一群人抬起担架
1,G_02761.mp4,1,人们抬起担架
2,G_02761.mp4,1,人们围着病人
3,G_02761.mp4,1,一群人围在雪地里
4,G_02761.mp4,1,人们抬起担架
5,G_02761.mp4,1,人们在雪地一起抬起担架
0,G_02762.mp4,1,人们抬着担架在雪地里走
1,G_02762.mp4,1,几个人一起抬着担架在雪地里走
2,G_02762.mp4,1,人们在雪地里走
3,G_02762.mp4,1,人们抬着担架走
4,G_02762.mp4,1,人们抬着担架在雪地里走
5,G_02762.mp4,1,一些人抬着担架在雪地里走
0,G_02763.mp4,1,人们乘坐扶梯往下
1,G_02763.mp4,1,很多人乘坐扶梯
2,G_02763.mp4,1,人们乘坐向下的扶梯
3,G_02763.mp4,9,高铁迎面驶来
4,G_02763.mp4,1,人们坐在高铁站等候
5,G_02763.mp4,1,一群人坐在高铁候车厅
0,G_02764.mp4,9,高铁在雪中行驶
1,G_02764.mp4,9,高铁在行驶
2,G_02764.mp4,9,高铁在雪中开动
3,G_02764.mp4,9,高铁在雪中行驶
4,G_02764.mp4,9,高铁在雪中行驶
5,G_02764.mp4,9,高铁正在行驶
0,G_02765.mp4,1,一些人在扫雪
1,G_02765.mp4,1,一些人在扫铁轨上的雪
2,G_02765.mp4,1,一个人在扫雪
3,G_02765.mp4,1,一些人在检票
4,G_02765.mp4,1,很多人在扫雪
5,G_02765.mp4,1,一些人在扫雪
0,G_02766.mp4,1,一个人在打饭
1,G_02766.mp4,1,一些人在食堂买饭
2,G_02766.mp4,1,很多人睡在地上
3,G_02766.mp4,1,一个人女人在盛饭
4,G_02766.mp4,1,很多人盖着白色杯子
5,G_02766.mp4,1,病人们睡在病床上
0,G_02767.mp4,1,很多人在高铁站里
1,G_02767.mp4,1,很多人在高铁站走动
2,G_02767.mp4,1,高铁站里有很多人
3,G_02767.mp4,1,很多人在高铁站里
4,G_02767.mp4,1,一个人在咨询工作人员
5,G_02767.mp4,1,一个男人向铁路工作者询问
0,G_02768.mp4,1,高铁站里有很多人
1,G_02768.mp4,1,高铁站里有很多人走动
2,G_02768.mp4,1,一个人给高铁票盖章
3,G_02768.mp4,1,高铁站里有很多人
4,G_02768.mp4,1,很多人在高铁站
5,G_02768.mp4,1,一群人在高铁站走动
0,G_02769.mp4,4,烟花在空中燃放
1,G_02769.mp4,4,烟花在夜空燃放
2,G_02769.mp4,4,很多烟花在燃放
3,G_02769.mp4,4,烟花秀上演
4,G_02769.mp4,4,满天烟花在空中燃放
5,G_02769.mp4,4,烟花在空中绽放
0,G_02770.mp4,4,烟花在空中盛放
1,G_02770.mp4,4,烟花盛放
2,G_02770.mp4,4,烟花在夜晚燃放
3,G_02770.mp4,4,很多烟花在空中盛放
4,G_02770.mp4,4,烟花在空中盛放
5,G_02770.mp4,4,烟花在空中绽放
0,G_02771.mp4,4,烟花在海滩边燃放
1,G_02771.mp4,4,烟花在夜晚的海滩燃放
2,G_02771.mp4,4,烟花在凯旋门燃放
3,G_02771.mp4,4,烟花在海滩边的夜空里燃放
4,G_02771.mp4,4,烟花在海湾燃放
5,G_02771.mp4,4,很多烟花在海滩边燃放
0,G_02772.mp4,1,一些人比着手势
1,G_02772.mp4,4,楼上有灯光表演
2,G_02772.mp4,4,建筑上有新年灯光秀
3,G_02772.mp4,4,高楼上有灯光秀
4,G_02772.mp4,4,建筑上有新年烟花
5,G_02772.mp4,1,一些人观看烟花
0,G_02773.mp4,4,各式各样的烟花在夜空燃放
1,G_02773.mp4,4,各种烟花在夜空燃放
2,G_02773.mp4,4,很多烟花在燃放
3,G_02773.mp4,4,不同颜色的烟花在夜空燃放
4,G_02773.mp4,4,烟花在夜空燃放
5,G_02773.mp4,4,很多烟花在绽放
0,G_02774.mp4,1,很多人观看烟花
1,G_02774.mp4,4,烟花在空中燃放
2,G_02774.mp4,4,烟花盛放
3,G_02774.mp4,4,烟花在夜晚燃放
4,G_02774.mp4,4,很多烟花在夜晚燃放
5,G_02774.mp4,1,一群人在看烟花
0,G_02775.mp4,1,一些人在舞台上跳舞
1,G_02775.mp4,1,一些人在舞台上表演
2,G_02775.mp4,1,很多人穿着雪人装在舞台上跳舞
3,G_02775.mp4,1,舞台上表演跳舞
4,G_02775.mp4,1,一些人在舞台上表演节目
5,G_02775.mp4,1,人们在舞台上跳舞
0,G_02776.mp4,1,两个人挥舞国旗
1,G_02776.mp4,1,两个女人挥舞国旗
2,G_02776.mp4,1,两个人挥动国旗
3,G_02776.mp4,1,一些人站在广场上
4,G_02776.mp4,4,国旗升起
5,G_02776.mp4,4,国旗往上升
0,G_02777.mp4,1,一群人在舞台上表演滑雪
1,G_02777.mp4,1,很多人在舞台上滑雪
2,G_02777.mp4,1,一群人表演滑雪
3,G_02777.mp4,1,一群人在舞台上表演
4,G_02777.mp4,4,水立方灯光秀
5,G_02777.mp4,4,建筑外表有灯光变化
0,G_02778.mp4,1,一个人在撞钟
1,G_02778.mp4,1,一个和尚在撞钟
2,G_02778.mp4,1,一个男人和一个和尚在撞钟
3,G_02778.mp4,1,一群人在佛塔下
4,G_02778.mp4,4,佛塔的灯光变化
5,G_02778.mp4,4,塔上面灯光在变化
0,G_02779.mp4,1,很多人拉着手围在一起跳舞
1,G_02779.mp4,1,很多人围在一起跳舞
2,G_02779.mp4,1,很多人拉着手跳舞
3,G_02779.mp4,1,很多人拉着手围成一圈
4,G_02779.mp4,1,一些人围在一起跳舞
5,G_02779.mp4,1,很多人围成圈跳舞
0,G_02780.mp4,1,很多人围在一起拉手跳舞
1,G_02780.mp4,1,很多人拉手跳舞
2,G_02780.mp4,1,一些人拉手跳舞
3,G_02780.mp4,1,很多人围在一起跳
4,G_02780.mp4,1,一个男人笑着跳动
5,G_02780.mp4,1,一个男人跳舞
0,G_02781.mp4,1,几个人从直升机跳下翼装飞行
1,G_02781.mp4,1,几个人从直升机跳下
2,G_02781.mp4,1,几个男人翼装飞行
3,G_02781.mp4,1,几个人在空中跳伞
4,G_02781.mp4,9,直升机在天上飞
5,G_02781.mp4,9,直升机在天上飞
0,G_02782.mp4,1,很多人冲出房间
1,G_02782.mp4,1,很多军人冲出房间
2,G_02782.mp4,1,很多军人负重奔跑
3,G_02782.mp4,1,一些军人训练
4,G_02782.mp4,1,很多人奔跑
5,G_02782.mp4,9,一辆车开过来
0,G_02783.mp4,1,一群人在列队走动
1,G_02783.mp4,1,几个人在看地图
2,G_02783.mp4,1,一群人在并列行走
3,G_02783.mp4,1,几个男人在看地图
4,G_02783.mp4,9,一辆车转弯
5,G_02783.mp4,9,几辆坦克在行驶
0,G_02784.mp4,1,一些士兵端着枪跑动
1,G_02784.mp4,1,一些军人跑动
2,G_02784.mp4,1,一个士兵抬起枪
3,G_02784.mp4,1,一些士兵跑动
4,G_02784.mp4,9,几辆军车行驶
5,G_02784.mp4,9,几辆车开动
0,G_02785.mp4,1,很多士兵端着枪跑动
1,G_02785.mp4,1,一些士兵端着枪跑动
2,G_02785.mp4,1,一些士兵端着枪瞄准
3,G_02785.mp4,1,一些士兵奔跑
4,G_02785.mp4,4,雪地上黑烟升起
5,G_02785.mp4,4,雪地里有黑烟
0,G_02786.mp4,1,两个男人坐着谈话
1,G_02786.mp4,1,两个男人坐着握手
2,G_02786.mp4,1,两个男人坐着
3,G_02786.mp4,1,四个人坐着
4,G_02786.mp4,1,两个男人握手
5,G_02786.mp4,1,两个男人坐着聊天
0,G_02787.mp4,9,一辆车行驶
1,G_02787.mp4,9,一辆大车迎面开来
2,G_02787.mp4,9,一辆大车迎面开来
3,G_02787.mp4,1,很多人跑动
4,G_02787.mp4,1,一些人奔跑
5,G_02787.mp4,1,许多人跑动
0,G_02788.mp4,1,几个人穿防护服
1,G_02788.mp4,1,几个人穿裤子
2,G_02788.mp4,1,几个人穿防护服
3,G_02788.mp4,1,几个人换衣服
4,G_02788.mp4,4,一辆车旁边有爆炸
5,G_02788.mp4,9,一辆车在行驶
0,G_02789.mp4,1,一个人在检查车辆
1,G_02789.mp4,9,一辆车在行驶
2,G_02789.mp4,1,一些人在查看车辆
3,G_02789.mp4,1,一个人挥动旗子
4,G_02789.mp4,1,一些人在检查车辆
5,G_02789.mp4,1,男人介绍口岸区分界线
0,G_02790.mp4,1,两个人在维修轮胎
1,G_02790.mp4,1,两个人在拧螺丝
2,G_02790.mp4,1,一个人被送进车内
3,G_02790.mp4,1,两个人在维修轮胎
4,G_02790.mp4,1,一个人在转动杆子
5,G_02790.mp4,1,一个人在维修轮胎
0,G_02491.mp4,4,高铁通到香港
1,G_02491.mp4,4,香港市民很开心
2,G_02491.mp4,4,香港市民纷纷前来坐第一班车
3,G_02491.mp4,4,香港市民对通车很高兴
4,G_02491.mp4,4,香港市民接受采访
5,G_02491.mp4,4,香港市民乘坐地铁
0,G_02492.mp4,4,美伊关系持续恶化
1,G_02492.mp4,4,伊朗否认与美国举行会谈
2,G_02492.mp4,4,伊朗多次否认
3,G_02492.mp4,4,伊朗发言人声称不会与美国举行会谈
4,G_02492.mp4,4,美国与伊朗关系跌至冰点
5,G_02492.mp4,4,美伊关系紧张
0,G_02493.mp4,4,伊朗阅兵遭恐怖袭击
1,G_02493.mp4,4,伊朗阅兵29人死亡
2,G_02493.mp4,4,圆形宫殿伊朗旗帜飘飘
3,G_02493.mp4,4,伊朗近年来面临恐袭威胁加大
4,G_02493.mp4,4,反恐力度加大挫败多起恐袭阴谋
5,G_02493.mp4,4,人在地面跑
0,G_02494.mp4,9,警察穿配衣服
1,G_02494.mp4,9,警察配机关枪
2,G_02494.mp4,9,车流行动缓慢
3,G_02494.mp4,9,车流在树下大道行驶
4,G_02494.mp4,9,非机动车时时出现
5,G_02494.mp4,9,树后发生爆炸
0,G_02495.mp4,9,汽车快速行驶
1,G_02495.mp4,9,摩托车快速行驶
2,G_02495.mp4,9,墙面抖动
3,G_02495.mp4,9,高楼上中有人举枪
4,G_02495.mp4,1,行人走动
5,G_02495.mp4,9,楼有很多窗户
0,G_02496.mp4,1,楼上两个人
1,G_02496.mp4,4,伊朗大楼遭恐袭
2,G_02496.mp4,4,房间里有很多椅子
3,G_02496.mp4,1,地上有人躺着
4,G_02496.mp4,1,人身上有血
5,G_02496.mp4,1,人躺着一动不动
0,G_02497.mp4,4,哈鲁尼发表讲话
1,G_02497.mp4,1,许多人坐在主席台
2,G_02497.mp4,1,男人头戴白帽
3,G_02497.mp4,1,男人在话筒前讲话
4,G_02497.mp4,1,很多男人戴着墨镜
5,G_02497.mp4,14,伊朗总统表达对美国的不满
0,G_02498.mp4,1,人们在飞快的跑
1,G_02498.mp4,1,男人举手
2,G_02498.mp4,1,男人抱着小孩
3,G_02498.mp4,1,男人趴着打电话
4,G_02498.mp4,1,许多警察趴着
5,G_02498.mp4,1,主席台前很多人趴着
0,G_02499.mp4,1,很多军人在走路
1,G_02499.mp4,9,航拍道路
2,G_02499.mp4,9,汽车驶过
3,G_02499.mp4,1,许多军人快速跑
4,G_02499.mp4,4,有很多楼房和树
5,G_02499.mp4,9,卡车驶来
0,G_02500.mp4,1,有很多人蹲着
1,G_02500.mp4,1,有人蹲着走路
2,G_02500.mp4,1,人们躲在墙角
3,G_02500.mp4,4,地上有很多树
4,G_02500.mp4,4,房子旁有一棵树
5,G_02500.mp4,1,人们聚集在一起
0,G_02501.mp4,1,很多人快速跑
1,G_02501.mp4,1,有很多人蹲着
2,G_02501.mp4,1,有人在车旁边
3,G_02501.mp4,1,人们拉着彼此跑
4,G_02501.mp4,1,树旁有人蹲着
5,G_02501.mp4,1,有警察询问情况
0,G_02502.mp4,1,很多人快速跑
1,G_02502.mp4,1,有很多人蹲着
2,G_02502.mp4,1,有人在车旁边
3,G_02502.mp4,1,人们拉着彼此跑
4,G_02502.mp4,1,树旁有人蹲着
5,G_02502.mp4,1,有警察询问情况
0,G_02503.mp4,1,男人身受重伤
1,G_02503.mp4,1,男人躺着接受采访
2,G_02503.mp4,1,男人说话
3,G_02503.mp4,1,男人在输液
4,G_02503.mp4,4,恐怖分子无差别射击
5,G_02503.mp4,4,男人未恐怖袭击目击者
0,G_02504.mp4,1,男人抱着小孩
1,G_02504.mp4,4,人们坐在树下
2,G_02504.mp4,4,人们躺在地上
3,G_02504.mp4,4,女人戴着头巾
4,G_02504.mp4,4,小孩拿着枪
5,G_02504.mp4,4,人们在说话
0,G_02505.mp4,13,人们在翻弄穿山甲鳞片
1,G_02505.mp4,13,有很多穿山甲鳞片
2,G_02505.mp4,4,广州海关破获特大走私穿山甲鳞片
3,G_02505.mp4,1,手在反复拨弄鳞片
4,G_02505.mp4,1,手抓住了穿山甲鳞片
5,G_02505.mp4,1,穿山甲鳞片被手抓起
0,G_02506.mp4,1,警察检查石材
1,G_02506.mp4,1,警察用铁棍查看石材
2,G_02506.mp4,1,工人搬运石材
3,G_02506.mp4,1,警察掀起地砖
4,G_02506.mp4,4,广州海关破获特大走私穿山甲鳞片
5,G_02506.mp4,4,石材其实是穿山甲鳞片
0,G_02507.mp4,1,警察们讨论穿山甲鳞片
1,G_02507.mp4,1,光头警察接受采访
2,G_02507.mp4,1,光头警察说话
3,G_02507.mp4,1,警察用手捧东西
4,G_02507.mp4,1,警察们用手捧起鳞片
5,G_02507.mp4,1,警察们一起讨论鳞片
0,G_02508.mp4,1,警察敲击石材
1,G_02508.mp4,1,警察统计石材
2,G_02508.mp4,1,警察清点石材
3,G_02508.mp4,1,警察用笔敲打石材
4,G_02508.mp4,1,警察走动
5,G_02508.mp4,1,两个警察清点石材
0,G_02509.mp4,4,武警部队比武竞赛
1,G_02509.mp4,4,武警司令员讲话
2,G_02509.mp4,4,有很多武警
3,G_02509.mp4,1,武警司令员宣布比赛开始
4,G_02509.mp4,1,武警司令员头上有红色条幅
5,G_02509.mp4,1,武警司令员后面有很多武警
0,G_02510.mp4,3,男人拍下红色按钮
1,G_02510.mp4,1,武警开始跑动
2,G_02510.mp4,1,武警卧姿射击
3,G_02510.mp4,3,枪对准2号射击板
4,G_02510.mp4,1,男人跟在武警后面
5,G_02510.mp4,1,男人拍武警的肩
0,G_02511.mp4,3,男人冲向红旗
1,G_02511.mp4,4,男人摸红旗
2,G_02511.mp4,1,男人手持手枪
3,G_02511.mp4,1,男人射击
4,G_02511.mp4,1,男人戴着头盔
5,G_02511.mp4,1,活动靶移动
0,G_02512.mp4,1,参赛队员接受采访
1,G_02512.mp4,1,参赛队员边走边说话
2,G_02512.mp4,1,男人跑动
3,G_02512.mp4,3,男人手持枪跑动
4,G_02512.mp4,1,男人瞄准活动靶
5,G_02512.mp4,3,活动靶移动
0,G_02513.mp4,1,很多人砸车
1,G_02513.mp4,4,有很多道具
2,G_02513.mp4,1,警察和犯人坐着
3,G_02513.mp4,1,有很多人在车旁边
4,G_02513.mp4,1,车旁有人打架
5,G_02513.mp4,1,警察单膝下跪
0,G_02514.mp4,18,江面有波澜
1,G_02514.mp4,1,有很多人在栏杆外
2,G_02514.mp4,18,江面波涛汹涌
3,G_02514.mp4,18,江水撞击堤坝
4,G_02514.mp4,18,江水奔流不息
5,G_02514.mp4,18,江水激起很高的水花
0,G_02515.mp4,9,汽车行驶在路上
1,G_02515.mp4,9,许多汽车在路上行驶
2,G_02515.mp4,18,水面风平浪静
3,G_02515.mp4,4,烟囱冒火
4,G_02515.mp4,9,汽车在树下行驶
5,G_02515.mp4,18,江面水波不惊
0,G_02516.mp4,18,水面风平浪静
1,G_02516.mp4,4,树在随风摇曳
2,G_02516.mp4,9,飞机在天上飞
3,G_02516.mp4,9,船在海上航行
4,G_02516.mp4,9,五架飞机飞过
5,G_02516.mp4,4,伊朗举行军演
0,G_02517.mp4,1,男人讲话
1,G_02517.mp4,1,许多人坐着
2,G_02517.mp4,1,许多人听讲话
3,G_02517.mp4,1,有很多人低头沉思
4,G_02517.mp4,1,有警察站在总统旁边
5,G_02517.mp4,4,伊朗总统发表讲话
0,G_02518.mp4,1,男人看着镜头
1,G_02518.mp4,1,男人在讲话
2,G_02518.mp4,1,男人在眨眼
3,G_02518.mp4,1,男人身后很多人
4,G_02518.mp4,1,男人的手在动
5,G_02518.mp4,1,男人在坐着
0,G_02519.mp4,4,白宫前有人走动
1,G_02519.mp4,4,白宫前有喷泉
2,G_02519.mp4,4,美国国旗阴风飘扬
3,G_02519.mp4,4,伊朗国旗飘动
4,G_02519.mp4,4,汽车缓慢行驶
5,G_02519.mp4,1,摩托车快速行驶
0,G_02520.mp4,1,男人看着镜头
1,G_02520.mp4,1,男人在讲话
2,G_02520.mp4,1,男人在眨眼
3,G_02520.mp4,1,男人身后很多人
4,G_02520.mp4,1,男人的手在动
5,G_02520.mp4,1,男人在坐着
0,G_02521.mp4,1,男人讲话
1,G_02521.mp4,1,许多人坐着
2,G_02521.mp4,1,许多人听讲话
3,G_02521.mp4,1,有很多人低头沉思
4,G_02521.mp4,1,有警察站在总统旁边
5,G_02521.mp4,4,联合国秘书长在发表讲话
0,G_02522.mp4,1,男人讲话
1,G_02522.mp4,1,许多人坐着
2,G_02522.mp4,1,许多人听讲话
3,G_02522.mp4,1,有很多人低头沉思
4,G_02522.mp4,1,有警察站在总统旁边
5,G_02522.mp4,4,联合国秘书长在发表讲话
0,G_02523.mp4,1,有很多人低头沉思
1,G_02523.mp4,1,女人在走动
2,G_02523.mp4,1,男人在喝水
3,G_02523.mp4,1,男人讲话
4,G_02523.mp4,1,许多人坐着
5,G_02523.mp4,1,许多人听讲话
0,G_02524.mp4,1,有很多人低头沉思
1,G_02524.mp4,1,女人在走动
2,G_02524.mp4,1,男人在喝水
3,G_02524.mp4,1,男人讲话
4,G_02524.mp4,1,许多人坐着
5,G_02524.mp4,1,许多人听讲话
0,G_02525.mp4,9,火箭很长
1,G_02525.mp4,9,火箭上有中国国旗
2,G_02525.mp4,9,火箭下有人走动
3,G_02525.mp4,9,火箭很高
4,G_02525.mp4,9,火箭上写有中国航天
5,G_02525.mp4,4,天宫二号完成两年寿命设计
0,G_02526.mp4,9,火箭起飞
1,G_02526.mp4,9,火箭发射
2,G_02526.mp4,9,火箭下有很多白色气体
3,G_02526.mp4,9,火箭缓慢升空
4,G_02526.mp4,9,飞行器在太空飞行
5,G_02526.mp4,9,飞行器飞行图
0,G_02527.mp4,1,男人讲话
1,G_02527.mp4,1,许多人坐着
2,G_02527.mp4,1,许多人听讲话
3,G_02527.mp4,1,男人戴着眼镜
4,G_02527.mp4,1,男人在眨眼
5,G_02527.mp4,4,国台办发言人发表讲话
0,G_02528.mp4,9,黑色机器
1,G_02528.mp4,9,蓝色飞行器
2,G_02528.mp4,4,飞行器设计图缓慢移动
3,G_02528.mp4,4,天宫二号在轨运行739天
4,G_02528.mp4,4,挪威逮捕俄国男子
5,G_02528.mp4,9,天宫二号有两对翅膀
0,G_02529.mp4,9,黑色机器在动
1,G_02529.mp4,9,黑色机器在太空
2,G_02529.mp4,9,黑色机器不断发出讯号
3,G_02529.mp4,9,地球自转
4,G_02529.mp4,9,地球是圆的
5,G_02529.mp4,9,飞行器离地球很近
0,G_02530.mp4,9,飞行机上有红线
1,G_02530.mp4,4,宇航员在太空舱站着
2,G_02530.mp4,4,宇航员在讨论
3,G_02530.mp4,4,太空舱有中国国旗
4,G_02530.mp4,4,宇航员在天上培养种子
5,G_02530.mp4,4,宇航员讨论问题
0,G_02531.mp4,9,飞行机上有红线
1,G_02531.mp4,4,宇航员在太空舱站着
2,G_02531.mp4,4,宇航员在讨论
3,G_02531.mp4,4,太空舱有中国国旗
4,G_02531.mp4,4,宇航员在天上培养种子
5,G_02531.mp4,4,宇航员举着箱子
0,G_02532.mp4,4,宇航员举着箱子
1,G_02532.mp4,9,飞行器在太空飞行
2,G_02532.mp4,9,飞行机上有红线
3,G_02532.mp4,4,宇航员在太空舱站着
4,G_02532.mp4,4,宇航员在讨论
5,G_02532.mp4,4,宇航员在天上培养种子
0,G_02533.mp4,16,种子发芽
1,G_02533.mp4,18,种子内部细胞
2,G_02533.mp4,4,太空种子生长缓慢
3,G_02533.mp4,4,太空种子寿命长
4,G_02533.mp4,4,太空种子全过程培养
5,G_02533.mp4,4,天空二号培育太空种子
0,G_02534.mp4,9,飞行器绕着地球飞行
1,G_02534.mp4,9,天空二号飞行
2,G_02534.mp4,18,地球与太阳
3,G_02534.mp4,9,天宫二号绕地球飞行
4,G_02534.mp4,9,天宫二号从太阳下飞过
5,G_02534.mp4,18,很多行星出现
0,G_02535.mp4,9,飞行器绕着地球飞行
1,G_02535.mp4,4,地球自转
2,G_02535.mp4,4,天宫二号仪器先进
3,G_02535.mp4,4,天宫二号仪器领先世界
4,G_02535.mp4,4,天宫二号仪器独特视角看地球
5,G_02535.mp4,4,天宫二号仪器独特视角看海洋
0,G_02536.mp4,4,天宫二号模拟飞行图
1,G_02536.mp4,4,天宫二号模拟飞行动画
2,G_02536.mp4,1,天宫二号完成空间科学与应用实验
3,G_02536.mp4,4,绿色地球转动
4,G_02536.mp4,4,模拟天宫二号飞行
5,G_02536.mp4,4,天宫二号模拟飞行
0,G_02537.mp4,9,飞行器绕着地球飞行
1,G_02537.mp4,9,天空二号飞行
2,G_02537.mp4,18,地球与太阳
3,G_02537.mp4,9,天宫二号绕地球飞行
4,G_02537.mp4,4,天宫二号模拟飞行图
5,G_02537.mp4,4,天宫二号模拟飞行动画
0,G_02538.mp4,12,显示器缓慢出现
1,G_02538.mp4,1,人们在显微镜前讨论
2,G_02538.mp4,1,人们戴着帽子
3,G_02538.mp4,1,男人在说话
4,G_02538.mp4,1,女人在说话
5,G_02538.mp4,1,人们在说话
0,G_02539.mp4,1,女人在看显微镜
1,G_02539.mp4,1,科学家在看显微镜
2,G_02539.mp4,1,女科学家站在显微镜后
3,G_02539.mp4,1,科学家在介绍图像
4,G_02539.mp4,12,计算机显示图像
5,G_02539.mp4,4,人们在讨论
0,G_02540.mp4,1,科学家在介绍图像
1,G_02540.mp4,12,计算机显示图像
2,G_02540.mp4,12,计算机显示介绍图
3,G_02540.mp4,1,科学家介绍成果
4,G_02540.mp4,1,科学家用手指介绍
5,G_02540.mp4,1,科学家在说话
0,G_02541.mp4,1,男人讲话
1,G_02541.mp4,1,许多人坐着
2,G_02541.mp4,1,许多人听讲话
3,G_02541.mp4,1,男人戴着眼镜
4,G_02541.mp4,1,男人在眨眼
5,G_02541.mp4,4,国台办发言人发表讲话
0,G_02542.mp4,1,许多人在使用电脑
1,G_02542.mp4,1,男人和女人使用电脑
2,G_02542.mp4,1,男人站在发言台后
3,G_02542.mp4,1,外交部发言
4,G_02542.mp4,1,记者在台下听讲
5,G_02542.mp4,4,男人身边有中国国旗
0,G_02543.mp4,7,浓烟滚滚
1,G_02543.mp4,9,翻船
2,G_02543.mp4,3,炸出水浪
3,G_02543.mp4,1,人站在船头
4,G_02543.mp4,1,人被击中
5,G_02543.mp4,1,穿着火
0,G_02544.mp4,9,船缓缓驶来
1,G_02544.mp4,9,船着火
2,G_02544.mp4,9,船被击中
3,G_02544.mp4,3,船炸出水浪
4,G_02544.mp4,4,船沉没
5,G_02544.mp4,4,着火的船缓慢沉没
0,G_02545.mp4,18,浓烟滚滚
1,G_02545.mp4,18,云朵飘飘
2,G_02545.mp4,3,火山爆发
3,G_02545.mp4,3,大量白色气体
4,G_02545.mp4,18,火山上空爆发浓烟
5,G_02545.mp4,4,火山喷发
0,G_02546.mp4,18,浓烟滚滚
1,G_02546.mp4,18,云朵飘飘
2,G_02546.mp4,3,火山爆发
3,G_02546.mp4,3,大量白色气体
4,G_02546.mp4,18,火山上空爆发浓烟
5,G_02546.mp4,4,火山喷发
0,G_02547.mp4,4,手指着弹壳
1,G_02547.mp4,4,圆形炮孔
2,G_02547.mp4,4,圆柱形炮孔
3,G_02547.mp4,4,甲午海战考古
4,G_02547.mp4,4,打捞出很多弹壳
5,G_02547.mp4,4,弹壳劣迹斑斑
0,G_02548.mp4,1,工作人员说话
1,G_02548.mp4,4,甲午海战考古
2,G_02548.mp4,4,发现完整弹壳
3,G_02548.mp4,1,人们在看弹壳
4,G_02548.mp4,4,武器装备中西合璧
5,G_02548.mp4,4,人们研究弹壳
0,G_02549.mp4,1,甲午海战水下考古
1,G_02549.mp4,4,经远舰链锚由精钢制作
2,G_02549.mp4,1,工作人员潜水研究
3,G_02549.mp4,1,工作人员用手清灰
4,G_02549.mp4,1,工作人员在拉链锚
5,G_02549.mp4,1,工作人员身着潜水服
0,G_02550.mp4,1,消防官兵身着黄色衣服
1,G_02550.mp4,1,男子手抓防盗窗
2,G_02550.mp4,4,男子爬防盗窗被困
3,G_02550.mp4,4,消防员及时赶到救出
4,G_02550.mp4,1,消防员戴消防帽
5,G_02550.mp4,1,消防员在讨论
0,G_02551.mp4,1,消防官兵身着黄色衣服
1,G_02551.mp4,1,男子手抓防盗窗
2,G_02551.mp4,4,男子爬防盗窗被困
3,G_02551.mp4,1,消防员翻过防盗窗
4,G_02551.mp4,1,消防员蹲下
5,G_02551.mp4,1,消防员拉起被困群众
0,G_02552.mp4,1,消防官兵身着黄色衣服
1,G_02552.mp4,1,男子手抓防盗窗
2,G_02552.mp4,4,男子爬防盗窗被困
3,G_02552.mp4,1,消防员翻过防盗窗
4,G_02552.mp4,1,消防员蹲下
5,G_02552.mp4,1,消防员拉起被困群众
0,G_02553.mp4,9,汽车在等待
1,G_02553.mp4,1,行人打伞通过
2,G_02553.mp4,1,老奶奶在车流中缓慢前进
3,G_02553.mp4,1,人们骑车等待
4,G_02553.mp4,1,老人佝偻前行
5,G_02553.mp4,1,老人行动缓慢
0,G_02554.mp4,4,壶口瀑布水岸齐平
1,G_02554.mp4,1,壶口瀑布景色壮美
2,G_02554.mp4,18,江面汹涌
3,G_02554.mp4,18,瀑布壮丽
4,G_02554.mp4,18,江水奔流不息
5,G_02554.mp4,18,江水涛涛不息
0,G_02555.mp4,1,男人蹲下说话
1,G_02555.mp4,1,公交车上男人蹲下
2,G_02555.mp4,1,公交车上司机问乘客
3,G_02555.mp4,1,司机蹲下问小孩
4,G_02555.mp4,1,司机起身走来
5,G_02555.mp4,1,司机起身回驾驶座
0,G_02556.mp4,1,警察在讨论
1,G_02556.mp4,4,男童独自乘坐公交
2,G_02556.mp4,4,司机报警寻家人
3,G_02556.mp4,1,警察在说话
4,G_02556.mp4,1,警察指着女人
5,G_02556.mp4,1,警察在和女人说话
0,G_02557.mp4,9,汽车驶过街头
1,G_02557.mp4,4,伊核问题外长同意对伊保持贸易
2,G_02557.mp4,4,伊朗避免被美制裁
3,G_02557.mp4,4,伊朗以物换物
4,G_02557.mp4,18,火把熊熊燃烧
5,G_02557.mp4,4,脚手架很高
0,G_02558.mp4,4,伊朗同仇敌忾
1,G_02558.mp4,1,人群在搬箱子
2,G_02558.mp4,1,男人在发表讲话
3,G_02558.mp4,1,人群拿着花圈
4,G_02558.mp4,1,很多人在讲话
5,G_02558.mp4,1,发言人身后有人
0,G_02559.mp4,1,发言人发表讲话
1,G_02559.mp4,4,伊朗革命卫队发表讲话
2,G_02559.mp4,4,伊朗表示与美国抗争到底
3,G_02559.mp4,4,伊朗要进行毁灭性的报复
4,G_02559.mp4,4,发言人头戴绿帽
5,G_02559.mp4,4,发言人表示要让美国后悔
0,G_02560.mp4,1,人们在水上冲浪
1,G_02560.mp4,18,江面奔流不息
2,G_02560.mp4,1,人开船拉着人冲浪
3,G_02560.mp4,1,人们在激流中用滑板冲浪
4,G_02560.mp4,1,江面波涛汹涌
5,G_02560.mp4,1,江面水波不惊
0,G_02561.mp4,4,伊朗阅兵遭恐怖袭击
1,G_02561.mp4,4,伊朗阅兵29人死亡
2,G_02561.mp4,4,圆形宫殿伊朗旗帜飘飘
3,G_02561.mp4,4,伊朗近年来面临恐袭威胁加大
4,G_02561.mp4,4,反恐力度加大挫败多起恐袭阴谋
5,G_02561.mp4,4,人在地面跑
0,G_02562.mp4,1,有很多人蹲着
1,G_02562.mp4,1,有人蹲着走路
2,G_02562.mp4,1,人们躲在墙角
3,G_02562.mp4,4,地上有很多树
4,G_02562.mp4,4,房子旁有一棵树
5,G_02562.mp4,1,人们聚集在一起
0,G_02563.mp4,18,绿色大山
1,G_02563.mp4,18,镜头缓慢转动拍摄秀美风景
2,G_02563.mp4,4,俄军机被击落
3,G_02563.mp4,4,俄军机起飞
4,G_02563.mp4,4,俄在叙军事基地
5,G_02563.mp4,12,地面接收装置
0,G_02564.mp4,1,男人在说话
1,G_02564.mp4,1,男人挥手
2,G_02564.mp4,1,男人戴着眼镜
3,G_02564.mp4,12,俄罗斯导弹
4,G_02564.mp4,9,俄罗斯军机
5,G_02564.mp4,4,俄罗斯导弹瞄准
0,G_02565.mp4,12,导弹发射
1,G_02565.mp4,9,导弹发射光景绚烂
2,G_02565.mp4,1,男人走来
3,G_02565.mp4,1,人们握手
4,G_02565.mp4,1,人们合影
5,G_02565.mp4,4,模拟飞机发射导弹动画
0,G_02566.mp4,4,大楼有很多窗户
1,G_02566.mp4,4,楼上国旗飘飘
2,G_02566.mp4,4,大楼有很多窗户
3,G_02566.mp4,18,楼上国旗飘飘
4,G_02566.mp4,4,大楼有很多窗户
5,G_02566.mp4,4,楼上国旗飘飘
0,G_02567.mp4,1,军人走向飞机
1,G_02567.mp4,9,飞机起飞
2,G_02567.mp4,4,模拟飞机飞行图
3,G_02567.mp4,4,模拟飞机被击落
4,G_02567.mp4,4,模拟飞机动画
5,G_02567.mp4,4,叙利亚地图
0,G_02568.mp4,1,男人指着屏幕说话
1,G_02568.mp4,4,激光笔你指着发光的点
2,G_02568.mp4,4,发言人解说战机被击落
3,G_02568.mp4,4,发言人宣称叙利亚针对以色列
4,G_02568.mp4,1,男人指着屏幕说话
5,G_02568.mp4,1,男人发表讲话
0,G_02569.mp4,9,俄战机飞行
1,G_02569.mp4,9,俄战机丢下炸弹
2,G_02569.mp4,4,俄战机黑海演练
3,G_02569.mp4,9,俄战机飞行
4,G_02569.mp4,9,俄战机丢下炸弹
5,G_02569.mp4,4,俄战机黑海演练
0,G_02570.mp4,18,大楼有很多窗户
1,G_02570.mp4,9,汽车拐弯
2,G_02570.mp4,4,国旗飘飘
3,G_02570.mp4,1,军人站岗
4,G_02570.mp4,1,摄影师举着相机
5,G_02570.mp4,1,男人发表讲话
0,G_02571.mp4,4,蓝色标志
1,G_02571.mp4,18,白宫
2,G_02571.mp4,18,白宫上自由女神站立
3,G_02571.mp4,18,美丽白宫
4,G_02571.mp4,4,俄称欧洲陷军备竞赛
5,G_02571.mp4,18,白宫外有人走动
0,G_02572.mp4,9,坦克在沙漠上行进
1,G_02572.mp4,9,很多坦克移动
2,G_02572.mp4,1,士兵从装甲车下来
3,G_02572.mp4,9,战机飘过
4,G_02572.mp4,1,战机空降伞兵
5,G_02572.mp4,9,装甲车涉水
0,G_02573.mp4,1,大量伞兵投下
1,G_02573.mp4,1,士兵操作大炮
2,G_02573.mp4,9,坦克驶来
3,G_02573.mp4,9,装甲车绿色伪装驶来
4,G_02573.mp4,9,战机斜飞
5,G_02573.mp4,9,士兵从直升机下来
0,G_02574.mp4,1,士兵举枪
1,G_02574.mp4,1,士兵进入房屋
2,G_02574.mp4,1,士兵举枪检查房屋
3,G_02574.mp4,1,士兵从直升机下来
4,G_02574.mp4,1,两只熊猫争抢月饼
5,G_02574.mp4,1,士兵举机关枪
0,G_02575.mp4,18,很多国旗飘扬
1,G_02575.mp4,18,圆形会议桌
2,G_02575.mp4,4,北约秘书长与俄外长会谈分歧严重
3,G_02575.mp4,18,很多国旗飘扬
4,G_02575.mp4,18,圆形会议桌
5,G_02575.mp4,4,北约秘书长与俄外长会谈分歧严重
0,G_02576.mp4,4,悬空寺立于悬崖
1,G_02576.mp4,4,悬空寺千年不倒
2,G_02576.mp4,18,悬崖上有寺庙
3,G_02576.mp4,18,寺庙由红色支柱支撑
4,G_02576.mp4,18,悬空寺壮观
5,G_02576.mp4,4,悬空寺景区重新开放
0,G_02577.mp4,4,悬空寺立于悬崖
1,G_02577.mp4,4,悬空寺千年不倒
2,G_02577.mp4,18,悬崖上有寺庙
3,G_02577.mp4,1,悬空寺中有很多人在走动
4,G_02577.mp4,4,悬空寺千年不倒
5,G_02577.mp4,18,悬崖上有寺庙
0,G_02578.mp4,4,悬空寺立于悬崖
1,G_02578.mp4,4,悬空寺千年不倒
2,G_02578.mp4,18,悬崖上有寺庙
3,G_02578.mp4,1,悬空寺中有很多人在走动
4,G_02578.mp4,4,悬空寺千年不倒
5,G_02578.mp4,18,悬崖上有寺庙
0,G_02579.mp4,1,悬空寺景区修缮
1,G_02579.mp4,1,悬空寺景区高空施工
2,G_02579.mp4,1,修缮难度大
3,G_02579.mp4,18,悬崖上有寺庙
4,G_02579.mp4,1,悬空寺中有很多人在走动
5,G_02579.mp4,4,悬空寺千年不倒
0,G_02580.mp4,1,悬空寺景区修缮
1,G_02580.mp4,1,悬空寺景区高空施工
2,G_02580.mp4,1,修缮难度大
3,G_02580.mp4,18,悬崖上有寺庙
4,G_02580.mp4,1,悬空寺中有很多人在走动
5,G_02580.mp4,4,悬空寺千年不倒
0,G_02581.mp4,1,悬空寺景区修缮
1,G_02581.mp4,1,悬空寺景区高空施工
2,G_02581.mp4,1,修缮难度大
3,G_02581.mp4,18,悬崖上有寺庙
4,G_02581.mp4,1,悬空寺中有很多人在走动
5,G_02581.mp4,4,悬空寺千年不倒
0,G_02582.mp4,1,悬空寺景区修缮
1,G_02582.mp4,1,悬空寺景区高空施工
2,G_02582.mp4,1,修缮难度大
3,G_02582.mp4,18,悬崖上有寺庙
4,G_02582.mp4,1,工人在涂颜料
5,G_02582.mp4,1,工人在悬空木板上
0,G_02583.mp4,1,悬空寺景区修缮
1,G_02583.mp4,1,悬空寺景区高空施工
2,G_02583.mp4,1,修缮难度大
3,G_02583.mp4,18,悬崖上有寺庙
4,G_02583.mp4,1,工人在涂颜料
5,G_02583.mp4,1,工人在悬空木板上
0,G_02584.mp4,1,悬空寺修缮人员接受采访
1,G_02584.mp4,1,悬空寺景区修缮
2,G_02584.mp4,1,悬空寺景区高空施工
3,G_02584.mp4,1,修缮难度大
4,G_02584.mp4,18,悬崖上有寺庙
5,G_02584.mp4,1,工人在悬空木板上
0,G_02585.mp4,1,男人接受采访
1,G_02585.mp4,4,翻阅景点照片
2,G_02585.mp4,1,男人在海边给女人拍照
3,G_02585.mp4,1,海边有很多人
4,G_02585.mp4,1,男人在海边给女人拍照
5,G_02585.mp4,1,海边有很多人
0,G_02586.mp4,1,人们在潜水
1,G_02586.mp4,1,人们在烧香拜佛
2,G_02586.mp4,1,人们乘坐游船
3,G_02586.mp4,1,女人下公交
4,G_02586.mp4,1,人们排队等车
5,G_02586.mp4,1,人们走下公交
0,G_02587.mp4,1,人们在交流
1,G_02587.mp4,1,人们拖着行李箱
2,G_02587.mp4,1,黑天鹅在湖面
3,G_02587.mp4,1,游客们在讨论
4,G_02587.mp4,1,女人们在行走
5,G_02587.mp4,1,男人在讲话
0,G_02588.mp4,9,卡车在行驶
1,G_02588.mp4,9,汽车在行驶
2,G_02588.mp4,9,汽车在 高速公路上行驶
3,G_02588.mp4,9,汽车在行驶
4,G_02588.mp4,9,汽车在 高速公路上行驶
5,G_02588.mp4,4,国庆返程高峰
0,G_02589.mp4,9,卡车在行驶
1,G_02589.mp4,9,汽车在行驶
2,G_02589.mp4,9,汽车在 高速公路上行驶
3,G_02589.mp4,9,汽车在行驶
4,G_02589.mp4,9,汽车在 高速公路上行驶
5,G_02589.mp4,4,国庆返程高峰
0,G_02590.mp4,1,人们排队等高铁
1,G_02590.mp4,1,高铁站全是人
2,G_02590.mp4,1,汽车站全是人
3,G_02590.mp4,1,人们在走动
4,G_02590.mp4,1,高铁站全是人
5,G_02590.mp4,1,汽车站全是人
